bucket,rank,handle,wallet,x_username,pnl,volume,roi_pct,class,active_weather,recent_weather,active_nonweather,recent_nonweather,score,profile,sample_weather_titles
LIVE_CORE,59,xX25Xx,0x2a353ce9e57a51e65814d2fe7cdd4ad3f20741ce,,18841.23,93610.22,20.13,weather specialist / weather-heavy,81,114,0,51,261.0,https://polymarket.com/profile/0x2a353ce9e57a51e65814d2fe7cdd4ad3f20741ce,Will the highest temperature in Seattle be between 42-43°F on March 5? | Will the highest temperature in Seattle be between 44-45°F on March 5? | Will the highest temperature in Seattle be between 40-41°F on March 5? | Will the highest temperature in Seattle be 39°F or below on March 5? | Will the highest temperature in Seoul be -1°C or below on March 6? | Will the highest temperature in Seoul be 0°C on March 6? | Will the highest temperature in Buenos Aires be 41°C or higher on March 4? | Will the highest temperature in Buenos Aires be 37°C on March 4?
LIVE_CORE,3,ColdMath,0x594edb9112f526fa6a80b8f858a6379c8a2c1c11,,121302.21,8832029.43,1.37,weather specialist / weather-heavy,97,192,1,0,257.9,https://polymarket.com/profile/0x594edb9112f526fa6a80b8f858a6379c8a2c1c11,Will the highest temperature in Cape Town be 16°C on April 20? | Will the highest temperature in Ankara be 10°C or higher on March 1? | Will the highest temperature in Wellington be 21°C or higher on February 28? | Will the highest temperature in London be 11°C on April 14? | Will the highest temperature in Ankara be 13°C or higher on March 21? | Will the highest temperature in Lucknow be 35°C on March 5? | Will the highest temperature in Ankara be 7°C on February 26? | Will the highest temperature in Ankara be 8°C or higher on February 26?
LIVE_CORE,56,syacxxa,0x2b2866a724e73bf45af306036f12f20170b4d021,,19511.69,475869.55,4.1,weather specialist / weather-heavy,100,199,0,0,250.4,https://polymarket.com/profile/0x2b2866a724e73bf45af306036f12f20170b4d021,Will the highest temperature in Buenos Aires be 30°C or below on January 30? | Will the highest temperature in London be 14°C on March 19? | Will the highest temperature in London be 25°C or higher on April 9? | Will the highest temperature in London be 11°C on April 20? | Will the highest temperature in London be 24°C on April 9? | Will the highest temperature in New York City be 64°F or higher on March 16? | Will the highest temperature in London be 16°C on March 18? | Will the highest temperature in Paris be 15°C on March 6?
LIVE_CORE,72,0xhana,0xa37d1d1a3367c6ebc692e37c29bccb8bb015b2b4,,15798.98,321617.19,4.91,weather specialist / weather-heavy,100,197,0,0,250.0,https://polymarket.com/profile/0xa37d1d1a3367c6ebc692e37c29bccb8bb015b2b4,Will the highest temperature in Miami be between 82-83°F on March 6? | Will the highest temperature in New York City be between 34-35°F on February 23? | Will the highest temperature in New York City be between 40-41°F on February 15? | Will the highest temperature in New York City be between 46-47°F on February 21? | Will the highest temperature in Miami be between 78-79°F on February 15? | Will the highest temperature in New York City be between 38-39°F on March 1? | Will the highest temperature in Miami be between 84-85°F on March 12? | Will the highest temperature in New York City be between 52-53°F on March 20?
LIVE_CORE,19,Maskache2,0x1f66796b45581868376365aef54b51eb84184c8d,Mask4che,49973.43,4620632.97,1.08,weather specialist / weather-heavy,96,198,2,0,249.4,https://polymarket.com/profile/0x1f66796b45581868376365aef54b51eb84184c8d,Will the highest temperature in Hong Kong be 29°C or higher on April 5? | Will the highest temperature in Moscow be 11°C on March 30? | Will the highest temperature in Atlanta be between 62-63°F on April 6? | Will the highest temperature in Tokyo be 19°C on April 11? | Will the highest temperature in Seoul be 20°C on April 15? | Will the highest temperature in Hong Kong be 28°C on April 5? | Will the highest temperature in Seoul be 10°C on April 5? | Will the highest temperature in Seoul be 16°C or higher on March 26?
LIVE_CORE,42,Railbird,0x906f2454a777600aea6c506247566decef82371a,,23358.41,797165.7,2.93,weather specialist / weather-heavy,100,199,0,0,249.2,https://polymarket.com/profile/0x906f2454a777600aea6c506247566decef82371a,Will the highest temperature in Seoul be 12°C on April 11? | Will the highest temperature in London be 20°C on April 25? | Will the highest temperature in Wellington be 16°C on April 19? | Will the highest temperature in London be 19°C on April 25? | Will the highest temperature in Paris be 22°C on April 18? | Will the highest temperature in Houston be between 70-71°F on April 19? | Will the highest temperature in Shanghai be 21°C on April 19? | Will the highest temperature in Beijing be 27°C on April 18?
LIVE_CORE,132,Amano-Hina,0x8aa29c27241b6909a7c4d6cb4f400267aa215a0b,,8831.67,137310.31,6.43,weather specialist / weather-heavy,100,200,0,0,248.9,https://polymarket.com/profile/0x8aa29c27241b6909a7c4d6cb4f400267aa215a0b,Will the highest temperature in New York City be between 86-87°F on April 15? | Will the highest temperature in Miami be between 78-79°F on April 1? | Will the highest temperature in New York City be between 76-77°F on April 13? | Will the highest temperature in San Francisco be between 64-65°F on April 20? | Will the highest temperature in Austin be between 88-89°F on April 17? | Will the highest temperature in New York City be between 78-79°F on April 1? | Will the highest temperature in New York City be between 62-63°F on April 24? | Will the highest temperature in San Francisco be between 60-61°F on April 11?
LIVE_CORE,78,mjf02,0x5ea284bb13db26c76529a944e6bf9497c8c5e97f,,14775.84,698335.84,2.12,weather specialist / weather-heavy,99,198,1,0,242.0,https://polymarket.com/profile/0x5ea284bb13db26c76529a944e6bf9497c8c5e97f,Will the highest temperature in Paris be 6°C or below on March 29? | Will the highest temperature in Munich be 2°C or below on March 29? | Will the highest temperature in London be 6°C or below on March 29? | Will the highest temperature in Seoul be 7°C on March 26? | Will the highest temperature in London be 16°C on March 9? | Will the highest temperature in London be 16°C on March 18? | Will the highest temperature in Seoul be 6°C or below on March 27? | Will the highest temperature in London be 17°C on March 9?
LIVE_CORE,41,dpnd,0x5f211a24da4c005d9438a1ea269673b85ed0b376,dpnd_poly,24134.16,8113002.18,0.3,weather specialist / weather-heavy,95,200,0,0,240.4,https://polymarket.com/profile/0x5f211a24da4c005d9438a1ea269673b85ed0b376,Will the highest temperature in Mexico City be 18°C on April 27? | Will the highest temperature in Mexico City be 19°C on April 27? | Will the highest temperature in Houston be between 76-77°F on April 25? | Will the highest temperature in Munich be 18°C on April 25? | Will the highest temperature in Mexico City be 20°C on April 27? | Will the highest temperature in Wuhan be 29°C on April 25? | Will the highest temperature in Mexico City be 21°C on April 27? | Will the highest temperature in Mexico City be 22°C on April 27?
LIVE_CORE,109,kamikazetrading,0xf1f81d40ae910099e1a65addb54942e76ca0f4cb,gomarcano9,10869.73,332560.32,3.27,weather specialist / weather-heavy,96,196,1,0,239.9,https://polymarket.com/profile/0xf1f81d40ae910099e1a65addb54942e76ca0f4cb,Will the lowest temperature in New York City be between 42-43°F on April 23? | Will the lowest temperature in New York City be between 40-41°F on April 23? | Will the highest temperature in San Francisco be between 66-67°F on April 22? | Will the highest temperature in New York City be between 56-57°F on April 22? | Will the highest temperature in Atlanta be between 78-79°F on April 20? | Will the highest temperature in Seoul be 22°C on April 13? | Will the highest temperature in Seoul be 23°C or higher on April 13? | Will the highest temperature in New York City be between 60-61°F on April 24?
LIVE_CORE,100,0x4CE3f17Be91C3d0D6dbFed7Bd4D326957dec4291-1768045938794,0x4ce3f17be91c3d0d6dbfed7bd4d326957dec4291,,11588.69,523888.72,2.21,weather specialist / weather-heavy,98,200,0,0,239.8,https://polymarket.com/profile/0x4ce3f17be91c3d0d6dbfed7bd4d326957dec4291,Will the highest temperature in Shenzhen be 26°C on March 26? | Will the highest temperature in Wellington be 20°C on March 18? | Will the highest temperature in Shenzhen be 22°C on March 28? | Will the highest temperature in Tel Aviv be 19°C on March 13? | Will the highest temperature in Tel Aviv be 21°C on March 13? | Will the highest temperature in Wellington be 18°C on March 23? | Will the highest temperature in Ankara be 10°C on March 10? | Will the highest temperature in Busan be 23°C on April 12?
LIVE_CORE,125,huskyvs,0xaf17116ae2b1476032785a67bd5b7c8c05905c20,husky_vs,9288.91,315923.52,2.94,weather specialist / weather-heavy,99,198,1,1,239.7,https://polymarket.com/profile/0xaf17116ae2b1476032785a67bd5b7c8c05905c20,Will the highest temperature in Lucknow be 42°C on April 24? | Will the highest temperature in Buenos Aires be 26°C or higher on April 23? | Will the highest temperature in Tokyo be 16°C on April 25? | Will the highest temperature in Busan be 23°C or higher on April 23? | Will the highest temperature in Busan be 22°C on April 23? | Will the highest temperature in Busan be 21°C on April 23? | Will the highest temperature in Wuhan be 18°C on April 23? | Will the highest temperature in Busan be 18°C on April 23?
LIVE_CORE,111,0xeC86a2d3f69015b1A9382e4dfA8695E1B48760E4-1770735132210,0xec86a2d3f69015b1a9382e4dfa8695e1b48760e4,,10474.8,929411.55,1.13,weather specialist / weather-heavy,100,200,0,0,237.3,https://polymarket.com/profile/0xec86a2d3f69015b1a9382e4dfa8695e1b48760e4,Will the highest temperature in Shanghai be 21°C on April 26? | Will the highest temperature in Shanghai be 20°C on April 26? | Will the highest temperature in Beijing be 23°C on April 26? | Will the highest temperature in Beijing be 22°C on April 26? | Will the highest temperature in Moscow be 13°C on April 26? | Will the highest temperature in Singapore be 34°C on April 26? | Will the highest temperature in Istanbul be 20°C on April 26? | Will the highest temperature in Seoul be 17°C on April 26?
LIVE_CORE,144,Walter-Weather,0x85c06787486a90e05ba1df96c034ef95c8cce01d,,7794.98,315614.76,2.47,weather specialist / weather-heavy,99,200,0,0,237.2,https://polymarket.com/profile/0x85c06787486a90e05ba1df96c034ef95c8cce01d,Will the highest temperature in Denver be 80°F or higher on March 28? | Will the highest temperature in London be 8°C on March 26? | Will the highest temperature in London be 11°C on March 21? | Will the highest temperature in London be 13°C or higher on December 14? | Will the highest temperature in London be 13°C on March 4? | Will the highest temperature in Munich be 11°C or higher on April 1? | Will the highest temperature in London be 11°C on March 17? | Will the highest temperature in Paris be 18°C on April 21?
LIVE_CORE,131,heimaokuaipao,0x1361f345f4bf87d1a39b46577e8e448abab9f12b,,8866.39,467853.7,1.9,weather specialist / weather-heavy,100,198,0,0,237.1,https://polymarket.com/profile/0x1361f345f4bf87d1a39b46577e8e448abab9f12b,Will the highest temperature in Hong Kong be 28°C on April 23? | Will the highest temperature in Ankara be 11°C on April 19? | Will the highest temperature in Warsaw be 12°C on April 20? | Will the highest temperature in Munich be 22°C or higher on April 25? | Will the highest temperature in Chicago be between 82-83°F on April 17? | Will the highest temperature in Tel Aviv be 34°C on April 15? | Will the highest temperature in Houston be between 82-83°F on April 18? | Will the highest temperature in Houston be between 80-81°F on April 18?
LIVE_CORE,79,GbushiCshuo,0xfbb7fc19f80b26152fc5886b5eafa7d437f26f27,,14236.18,3997602.42,0.36,weather specialist / weather-heavy,99,197,1,2,237.1,https://polymarket.com/profile/0xfbb7fc19f80b26152fc5886b5eafa7d437f26f27,Will the highest temperature in Atlanta be 41°F or below on February 25? | Will the highest temperature in Atlanta be between 42-43°F on February 25? | Will the highest temperature in London be 12°C or below on February 25? | Will the highest temperature in Wellington be 13°C or below on March 1? | Will the highest temperature in Wellington be 13°C on March 9? | Will the highest temperature in Wellington be 12°C or below on March 4? | Will the highest temperature in Wellington be 12°C on March 9? | Will the highest temperature in Wellington be 17°C on March 11?
LIVE_CORE,138,neandertal,0x072ac151bf0ecaa1da3c295c42b35fc66f1c3e85,,8276.25,214694.68,3.85,weather specialist / weather-heavy,91,198,6,2,236.4,https://polymarket.com/profile/0x072ac151bf0ecaa1da3c295c42b35fc66f1c3e85,Will the highest temperature in Buenos Aires be 35°C or higher on December 11? | Will the highest temperature in Dallas be 56°F or higher on December 8? | Will the highest temperature in Dallas be 67°F or higher on December 13? | Will the highest temperature in London be between 59-60°F on December 10? | Will the highest temperature in Dallas be between 54-55°F on December 8? | Will the highest temperature in Buenos Aires be 32°C or higher on December 20? | Will the highest temperature in Buenos Aires be 33°C or higher on December 10? | Will the highest temperature in Atlanta be between 54-55°F on December 11?
LIVE_CORE,136,FohnHairdryer,0x89b44e69ef23081e604282b4c5f7aa8e4c1355bc,PiratesPredict,8419.13,404613.01,2.08,weather specialist / weather-heavy,97,199,2,0,235.7,https://polymarket.com/profile/0x89b44e69ef23081e604282b4c5f7aa8e4c1355bc,Will the highest temperature in Seoul be 10°C on March 13? | Will the highest temperature in Tel Aviv be 19°C on March 16? | Will the highest temperature in Seoul be 14°C on March 23? | Will the highest temperature in Seoul be 5°C on February 18? | Will the highest temperature in Tokyo be 24°C on April 14? | Will the highest temperature in Lagos be 33°C on April 20? | Will the highest temperature in Singapore be 35°C or higher on April 6? | Will the highest temperature in Lagos be 28°C or below on April 20?
LIVE_CORE,142,oleksiyz,0xfd8e46519d0a8f9c35e5010ef4e7f56f7583aea4,,7874.35,451291.53,1.74,weather specialist / weather-heavy,100,198,0,0,235.6,https://polymarket.com/profile/0xfd8e46519d0a8f9c35e5010ef4e7f56f7583aea4,Will the highest temperature in Munich be 18°C on April 27? | Will the highest temperature in Ankara be 19°C on April 26? | Will the highest temperature in New York City be between 50-51°F on April 26? | Will the highest temperature in Tokyo be 21°C or higher on April 27? | Will the highest temperature in London be 19°C on April 25? | Will the highest temperature in Taipei be 25°C or higher on April 25? | Will the highest temperature in Milan be 24°C on April 27? | Will the highest temperature in Shanghai be 25°C on April 26?
LIVE_CORE,116,Lex-tang,0xaa930fdc4caa3c0f6067404a7bd7899ca45f0bc7,lex_tang,9831.73,627609.06,1.57,weather specialist / weather-heavy,97,197,0,0,235.4,https://polymarket.com/profile/0xaa930fdc4caa3c0f6067404a7bd7899ca45f0bc7,Will the highest temperature in Guangzhou be 26°C on April 23? | Will the highest temperature in New York City be between 74-75°F on April 23? | Will the highest temperature in Munich be 15°C on April 22? | Will the highest temperature in Paris be 21°C on April 24? | Will the highest temperature in Shenzhen be 29°C on April 23? | Will the highest temperature in Moscow be 8°C on April 23? | Will the highest temperature in Guangzhou be 25°C on April 23? | Will the highest temperature in Taipei be 24°C on April 25?
LIVE_CORE,127,neophyt,0x3da3958abf6ec9cbab635824447e5e0c24fc0fdc,,9044.31,817458.45,1.11,weather specialist / weather-heavy,99,200,0,0,235.3,https://polymarket.com/profile/0x3da3958abf6ec9cbab635824447e5e0c24fc0fdc,Will the highest temperature in New York City be 39°F or below on December 10? | Will the highest temperature in London be between 50-51°F on November 29? | Will the highest temperature in New York City be between 38-39°F on December 7? | Will the highest temperature in Atlanta be between 48-49°F on January 23? | Will the highest temperature in New York City be between 33-34°F on December 2? | Will the highest temperature in London be 58°F or higher on October 23? | Will the highest temperature in New York City be between 45-46°F on November 27? | Will the highest temperature in New York City be between 37-38°F on December 2?
CORE_FOLLOW,82,mkuu,0x5b0cf4ac002d771110689ebab5176a899a513b83,,13556.27,62874.99,21.56,weather specialist / weather-heavy,4,180,0,20,233.6,https://polymarket.com/profile/0x5b0cf4ac002d771110689ebab5176a899a513b83,Will the highest temperature in Dallas be between 50-51°F on March 28? | Will the highest temperature in Munich be 5°C or below on March 28? | Will the highest temperature in Dallas be between 58-59°F on April 10? | Will the highest temperature in Ankara be 18°C or higher on March 28? | Will the highest temperature in Dallas be between 58-59°F on April 10? | Will the highest temperature in Ankara be 18°C or higher on March 28? | Will the highest temperature in Ankara be 18°C or higher on March 28? | Will the highest temperature in Ankara be 18°C or higher on March 28?
LIVE_CORE,162,newbees,0xc1355f88441c00dde5c6be5254d101d2d624a01a,,7115.94,342630.14,2.08,weather specialist / weather-heavy,94,200,0,0,232.6,https://polymarket.com/profile/0xc1355f88441c00dde5c6be5254d101d2d624a01a,Will the highest temperature in Paris be 24°C on April 24? | Will the highest temperature in Paris be 22°C on April 24? | Will the highest temperature in Paris be 25°C or higher on April 24? | Will the highest temperature in Paris be 21°C on April 24? | Will the highest temperature in Guangzhou be 29°C on April 25? | Will the highest temperature in Guangzhou be 31°C on April 25? | Will the highest temperature in Guangzhou be 33°C on April 25? | Will the highest temperature in Guangzhou be 32°C on April 25?
LIVE_CORE,155,StayFreshCheeseBags,0xc34f6b088bb9172625ee1ea2ee8da9ac4f037d2e,,7272.38,3436855.96,0.21,weather specialist / weather-heavy,100,200,0,0,231.5,https://polymarket.com/profile/0xc34f6b088bb9172625ee1ea2ee8da9ac4f037d2e,Will the highest temperature in Tokyo be 17°C on April 4? | Will the highest temperature in Lagos be 33°C on April 23? | Will the highest temperature in Houston be between 80-81°F on April 4? | Will the highest temperature in New York City be 55°F or below on April 22? | Will the highest temperature in Sao Paulo be 26°C on April 22? | Will the highest temperature in Toronto be 19°C or higher on April 22? | Will the highest temperature in Los Angeles be between 68-69°F on April 15? | Will the highest temperature in New York City be between 78-79°F on April 13?
LIVE_CORE,171,marchyel,0x6d393e0510fd9363cad4177c76bb003cd000cb7c,,6710.25,373975.35,1.79,weather specialist / weather-heavy,94,200,0,0,231.4,https://polymarket.com/profile/0x6d393e0510fd9363cad4177c76bb003cd000cb7c,Will the highest temperature in London be 13°C or higher on December 13? | Will the highest temperature in Seattle be between 52-53°F on December 9? | Will the highest temperature in London be between 59-60°F on December 10? | Will the highest temperature in Seoul be 7°C on December 19? | Will the highest temperature in Seoul be 9°C on December 20? | Will the highest temperature in London be 14°C or higher on December 16? | Will the highest temperature in Toronto be 5°C on December 19? | Will the highest temperature in Seattle be between 50-51°F on December 9?
LIVE_CORE,40,0x77266604E63f5cAF08D19CaEBae0C563ce64aEE,0x77266604e63f5caf08d19caebae0c563ce064aee,,24256.28,230245.16,10.53,weather specialist / weather-heavy,28,200,1,0,229.2,https://polymarket.com/profile/0x77266604e63f5caf08d19caebae0c563ce064aee,Will the highest temperature in New York City be between 56-57°F on April 18? | Will the highest temperature in New York City be between 54-55°F on April 18? | Will the highest temperature in Seoul be 21°C on April 19? | Will the highest temperature in Seoul be 17°C on April 19? | Will the highest temperature in Seoul be 18°C on April 19? | Will the highest temperature in Seoul be 19°C on April 25? | Will the highest temperature in Seoul be 18°C on April 25? | Will the highest temperature in Seoul be 20°C on April 19?
CORE_FOLLOW,50,MrFox,0x53501b3d13852aabc77db40b536e625a1098cbc2,,21382.09,113878.07,18.78,weather specialist / weather-heavy,0,180,0,11,228.8,https://polymarket.com/profile/0x53501b3d13852aabc77db40b536e625a1098cbc2,Will the highest temperature in NYC be between 59-60°F on March 16? | Will the highest temperature in NYC be between 57-58°F on March 16? | Will the highest temperature in NYC be between 61-62°F on March 16? | Will the highest temperature in NYC be 72°F or higher on March 31? | Will the highest temperature in NYC be 83°F or higher on May 2? | Will the highest temperature in NYC be 79°F or higher on May 3? | Will the highest temperature in NYC be 79°F or higher on May 3? | Will the highest temperature in NYC be 79°F or higher on May 3?
LIVE_CORE,517,Jiuzhou,0x5499a872abba0f503ea8da708eaab775dffecf6d,,2332.69,74670.66,3.12,weather specialist / weather-heavy,100,200,0,0,227.9,https://polymarket.com/profile/0x5499a872abba0f503ea8da708eaab775dffecf6d,Will the highest temperature in Manila be 39°C on April 25? | Will the highest temperature in San Francisco be between 54-55°F on April 24? | Will the highest temperature in Panama City be 29°C on April 25? | Will the highest temperature in Warsaw be 13°C on April 24? | Will the highest temperature in Munich be 19°C on April 24?
LIVE_CORE,75,cyberkurajber,0xf6f79fb0b579918f101bb6d0a264a492ce9de0da,,15394.3,599785.9,2.57,weather specialist / weather-heavy,67,198,0,0,225.9,https://polymarket.com/profile/0xf6f79fb0b579918f101bb6d0a264a492ce9de0da,Will the highest temperature in Manila be 40°C or higher on April 25? | Will the highest temperature in Tokyo be 16°C on April 25? | Will the highest temperature in Manila be 39°C on April 25? | Will the highest temperature in Wuhan be 29°C on April 25? | Will the highest temperature in Amsterdam be 18°C on April 24? | Will the highest temperature in Chicago be 76°F or higher on April 24? | Will the highest temperature in Shenzhen be 31°C or higher on April 25? | Will the highest temperature in Chicago be between 74-75°F on April 24?
LIVE_CORE,110,738925,0x100a50d9f27bc1a884f8a47accad209a9188c6ce,,10622.67,2916916.35,0.36,weather specialist / weather-heavy,87,189,1,2,225.9,https://polymarket.com/profile/0x100a50d9f27bc1a884f8a47accad209a9188c6ce,Will the highest temperature in Austin be between 78-79°F on April 4? | Will the highest temperature in Tel Aviv be 25°C on April 2? | Will the highest temperature in Dallas be between 74-75°F on April 4? | Will the highest temperature in Chicago be between 62-63°F on April 18? | Will the highest temperature in Guangzhou be 27°C on April 23? | Will the highest temperature in Dallas be between 74-75°F on April 18? | Will the highest temperature in Toronto be 9°C on April 5? | Will the highest temperature in Istanbul be 16°C on April 8?
LIVE_CORE,691,punch-the-macaque,0x5c38621380ec9d525bae6f6944ab54eda1cdf194,,1747.29,50182.78,3.48,weather specialist / weather-heavy,100,199,0,0,225.8,https://polymarket.com/profile/0x5c38621380ec9d525bae6f6944ab54eda1cdf194,Will the highest temperature in Seoul be 14°C on April 21? | Will the highest temperature in Seoul be 20°C on April 25? | Will the highest temperature in Paris be 22°C on April 23? | Will the highest temperature in Paris be 15°C on April 20? | Will the highest temperature in Seoul be 15°C on April 20?
LIVE_CORE,18,Poligarch,0xb40e89677d59665d5188541ad860450a6e2a7cc9,,50120.07,6119248.26,0.82,weather specialist / weather-heavy,59,181,11,0,224.7,https://polymarket.com/profile/0xb40e89677d59665d5188541ad860450a6e2a7cc9,Will the highest temperature in Chengdu be 31°C on April 25? | Will the highest temperature in Chengdu be 31°C on April 25? | Will the highest temperature in Chengdu be 30°C on April 25? | Will the highest temperature in Chengdu be 32°C on April 25? | Will the highest temperature in Chengdu be 32°C on April 25? | Will the highest temperature in Chengdu be 30°C on April 25? | Will the highest temperature in Hong Kong be 26°C on April 25? | Will the highest temperature in Seoul be 20°C on April 25?
LIVE_CORE,599,sdgoppa,0x8eea2d8458fcad16bf50dec2b7de76e989d6e285,,2010.52,87967.01,2.29,weather specialist / weather-heavy,100,200,0,0,224.4,https://polymarket.com/profile/0x8eea2d8458fcad16bf50dec2b7de76e989d6e285,Will the highest temperature in Paris be 14°C on March 22? | Will the highest temperature in Paris be 24°C or higher on April 6? | Will the highest temperature in Seoul be 13°C on March 28? | Will the highest temperature in Seoul be 11°C on March 28? | Will the highest temperature in Paris be 23°C on April 6?
LIVE_CORE,522,hotcold,0xc1200dd35a85da9b9ba552582d6103dd3d39a7e3,,2323.26,153819.49,1.51,weather specialist / weather-heavy,100,200,0,0,223.8,https://polymarket.com/profile/0xc1200dd35a85da9b9ba552582d6103dd3d39a7e3,Will the highest temperature in Chengdu be 34°C or higher on April 25? | Will the highest temperature in Chengdu be 33°C on April 25? | Will the highest temperature in Wellington be 19°C or higher on April 25? | Will the highest temperature in Wellington be 18°C on April 25? | Will the highest temperature in Guangzhou be 34°C or higher on April 25?
LIVE_CORE,605,0x2048,0xecc8b1562f4a521d0856e3f89c5bfa8bba969335,,1993.01,120176.58,1.66,weather specialist / weather-heavy,100,200,0,0,222.7,https://polymarket.com/profile/0xecc8b1562f4a521d0856e3f89c5bfa8bba969335,Will the highest temperature in Kuala Lumpur be 35°C on April 27? | Will the highest temperature in Taipei be 34°C or higher on April 27? | Will the highest temperature in Sao Paulo be 27°C on April 25? | Will the highest temperature in Tel Aviv be 31°C or higher on April 26? | Will the highest temperature in Busan be 18°C on April 26?
LIVE_CORE,666,tianqizhishen,0x13d3ed7ebeec50ee794cf0e783df1991ceb7415e,,1805.32,92088.15,1.96,weather specialist / weather-heavy,100,199,0,0,222.3,https://polymarket.com/profile/0x13d3ed7ebeec50ee794cf0e783df1991ceb7415e,Will the highest temperature in Lucknow be 33°C or below on April 4? | Will the highest temperature in Los Angeles be 78°F or higher on April 3? | Will the highest temperature in Beijing be 18°C or below on April 14? | Will the highest temperature in Chicago be between 58-59°F on April 4? | Will the highest temperature in Wuhan be 21°C on April 6?
LIVE_CORE,1581,0x98e9cf8704286c45a124a6f35b4e7de847e32ea5,0x98e9cf8704286c45a124a6f35b4e7de847e32ea5,,558.27,8386.57,6.66,weather specialist / weather-heavy,100,195,0,0,222.0,https://polymarket.com/profile/0x98e9cf8704286c45a124a6f35b4e7de847e32ea5,Will the highest temperature in Dallas be between 82-83°F on March 30? | Will the highest temperature in Madrid be 14°C or higher on April 8? | Will the highest temperature in Milan be 21°C or higher on April 20? | Will the highest temperature in Kuala Lumpur be 29°C on April 21? | Will the highest temperature in Karachi be 36°C or higher on April 25?
LIVE_CORE,1335,Mr.Z.,0x31646b754f77b973910e7376b7015cb81fe83c65,,738.56,14391.34,5.13,weather specialist / weather-heavy,100,200,0,0,221.9,https://polymarket.com/profile/0x31646b754f77b973910e7376b7015cb81fe83c65,Will the highest temperature in Taipei be 34°C or higher on April 27? | Will the highest temperature in Ankara be 21°C on April 26? | Will the highest temperature in Seattle be between 60-61°F on April 27? | Will the highest temperature in Paris be 20°C on April 26? | Will the highest temperature in Shanghai be 27°C on April 26?
LIVE_CORE,570,poligami,0x6beefb1c8d4b91b9b6d437840c241e74e6997e78,,2136.62,176818.18,1.21,weather specialist / weather-heavy,100,198,0,0,221.8,https://polymarket.com/profile/0x6beefb1c8d4b91b9b6d437840c241e74e6997e78,Will the highest temperature in London be 19°C on April 24? | Will the highest temperature in Munich be 20°C or higher on April 23? | Will the highest temperature in London be 19°C on April 23? | Will the highest temperature in Paris be 24°C on April 24? | Will the highest temperature in London be 18°C on April 25?
LIVE_CORE,664,Lmaccoinz,0x05c8b2793f773d0f2d3fd1eb6be7c22d11cc092a,,1807.88,87659.36,2.06,weather specialist / weather-heavy,98,199,0,0,221.5,https://polymarket.com/profile/0x05c8b2793f773d0f2d3fd1eb6be7c22d11cc092a,Will the highest temperature in London be 1°C on January 3? | Will the highest temperature in Paris be 12°C on April 12? | Will the highest temperature in Wuhan be 23°C or below on April 17? | Will the highest temperature in New York City be between 30-31°F on December 31? | Will the highest temperature in London be 9°C on February 6?
LIVE_CORE,564,PaulaLolik,0x3a2c067d262e5b2b2100251359e4c7b877283d80,,2153.2,495331.01,0.43,weather specialist / weather-heavy,100,200,0,0,220.4,https://polymarket.com/profile/0x3a2c067d262e5b2b2100251359e4c7b877283d80,Will the highest temperature in Taipei be 33°C on April 23? | Will the highest temperature in Warsaw be 17°C on April 23? | Will the highest temperature in Chengdu be 28°C on April 23? | Will the highest temperature in Karachi be 34°C on April 23? | Will the highest temperature in Munich be 18°C on April 23?
LIVE_CORE,546,0x173516ae13b47be650a6df996ec4ff2f24950319,0x173516ae13b47be650a6df996ec4ff2f24950319,,2249.51,697854.64,0.32,weather specialist / weather-heavy,99,200,0,0,220.0,https://polymarket.com/profile/0x173516ae13b47be650a6df996ec4ff2f24950319,Will the highest temperature in Shanghai be 11°C on March 20? | Will the highest temperature in Madrid be 18°C on April 14? | Will the highest temperature in Madrid be 30°C or higher on April 17? | Will the highest temperature in Shanghai be 9°C on March 19? | Will the highest temperature in Istanbul be 14°C on April 17?
LIVE_CORE,1255,Alrescha-114,0xdd657949299d01d718028b25a8dfc353927ac0b1,,819.44,20809.41,3.94,weather specialist / weather-heavy,100,200,0,0,219.9,https://polymarket.com/profile/0xdd657949299d01d718028b25a8dfc353927ac0b1,Will the highest temperature in Seoul be 11°C on March 1? | Will the highest temperature in Seoul be 11°C on March 17? | Will the highest temperature in Ankara be 14°C or higher on February 13? | Will the highest temperature in Ankara be 15°C on April 3? | Will the highest temperature in Chengdu be 28°C on April 14?
LIVE_CORE,594,ruth777,0xb9033854e54310cca8a22368d16ed53cdfbea41b,,2034.45,529700.43,0.38,weather specialist / weather-heavy,100,200,0,0,219.7,https://polymarket.com/profile/0xb9033854e54310cca8a22368d16ed53cdfbea41b,Will the highest temperature in Helsinki be 11°C on April 24? | Will the highest temperature in Miami be between 80-81°F on April 24? | Will the highest temperature in Hong Kong be 27°C on April 27? | Will the highest temperature in Atlanta be between 82-83°F on April 24? | Will the lowest temperature in London be 6°C on April 27?
LIVE_CORE,503,Andyminvest,0xfa28c521b5c2c7c81dd55162cda73e401558c37e,GnatykA,2402.01,283799.82,0.85,weather specialist / weather-heavy,95,199,1,0,219.5,https://polymarket.com/profile/0xfa28c521b5c2c7c81dd55162cda73e401558c37e,Will the highest temperature in Chicago be 10°F or higher on January 23? | Will the highest temperature in London be 4°C on January 26? | Will the highest temperature in New York City be between 42-43°F on February 14? | Will the highest temperature in London be 8°C on February 15? | Will the highest temperature in London be 11°C on February 9?
LIVE_CORE,582,Wistesty,0xd3938e1d885f7849215c49d87465709d63400744,,2095.46,1185434.16,0.18,weather specialist / weather-heavy,100,200,0,0,219.5,https://polymarket.com/profile/0xd3938e1d885f7849215c49d87465709d63400744,Will the highest temperature in New York City be between 44-45°F on April 25? | Will the highest temperature in Los Angeles be between 62-63°F on April 24? | Will the highest temperature in Taipei be 19°C on April 24? | Will the highest temperature in New York City be between 58-59°F on April 24? | Will the highest temperature in Shenzhen be 25°C on April 23?
LIVE_CORE,3308,Lovemaker-998,0x95e65b5de432c0e44cf94c78c58e51c475a460ab,,222.14,2513.78,8.84,weather specialist / weather-heavy,100,198,0,0,219.3,https://polymarket.com/profile/0x95e65b5de432c0e44cf94c78c58e51c475a460ab,Will the highest temperature in Dallas be 58°F or higher on February 5? | Will the highest temperature in Seattle be between 46-47°F on February 13? | Will the highest temperature in Paris be 8°C on February 17? | Will the highest temperature in Seattle be between 60-61°F on February 4? | Will the highest temperature in Toronto be -3°C on February 6?
LIVE_CORE,958,0x22AB768409A2C6ef788F5c32CFb6d1aB4eCbd485-1760969593818,0x22ab768409a2c6ef788f5c32cfb6d1ab4ecbd485,,1166.89,48449.2,2.41,weather specialist / weather-heavy,99,200,1,0,218.9,https://polymarket.com/profile/0x22ab768409a2c6ef788f5c32cfb6d1ab4ecbd485,Will the highest temperature in Miami be between 64-65°F on January 31? | Will the highest temperature in New York City be between 32-33°F on February 3? | Will the highest temperature in New York City be between 22-23°F on January 31? | Will the highest temperature in New York City be between 30-31°F on February 24? | Will the highest temperature in New York City be between 34-35°F on February 23?
LIVE_CORE,622,airlorgedr,0xbc8405b2c4149332c835ebb7e29e68e53eaba0d2,,1933.26,760083.48,0.25,weather specialist / weather-heavy,100,200,0,0,218.9,https://polymarket.com/profile/0xbc8405b2c4149332c835ebb7e29e68e53eaba0d2,Will the highest temperature in Mexico City be 20°C or higher on April 25? | Will the lowest temperature in Miami be 84°F or higher on April 26? | Will the highest temperature in Hong Kong be 21°C on April 25? | Will the highest temperature in Lagos be 36°C or higher on April 25? | Will the highest temperature in Singapore be 31°C on April 27?
LIVE_CORE,1035,Lucky-Boy,0x7b4f12ae58c98e44bac28daf6e40103c9b438fbc,,1076.37,38769.1,2.78,weather specialist / weather-heavy,99,199,0,0,218.9,https://polymarket.com/profile/0x7b4f12ae58c98e44bac28daf6e40103c9b438fbc,Will the highest temperature in Seattle be between 64-65°F on April 21? | Will the highest temperature in Houston be between 78-79°F on April 14? | Will the highest temperature in Atlanta be between 68-69°F on April 19? | Will the highest temperature in Seattle be between 62-63°F on April 21? | Will the highest temperature in Chicago be between 42-43°F on March 14?
LIVE_CORE,520,hkooooo,0xe8a188a1fa2abd27e1b4557c0824c8c29df71d37,,2327.76,113230.47,2.06,weather specialist / weather-heavy,90,196,3,0,218.8,https://polymarket.com/profile/0xe8a188a1fa2abd27e1b4557c0824c8c29df71d37,Will the highest temperature in Taipei be 39°C or higher on April 10? | Will the highest temperature in Taipei be 35°C on April 10? | Will the highest temperature in Lucknow be 40°C or below on April 19? | Will the highest temperature in Chengdu be 29°C on April 19? | Will the highest temperature in Taipei be 37°C on April 10?
LIVE_CORE,653,patrickbro-wn,0x01f2a8baabe17c2541d1e3091220991f257ac3de,,1846.39,488250.72,0.38,weather specialist / weather-heavy,100,200,0,0,218.8,https://polymarket.com/profile/0x01f2a8baabe17c2541d1e3091220991f257ac3de,Will the highest temperature in Lagos be 31°C on April 25? | Will the highest temperature in Lagos be 31°C on April 25? | Will the highest temperature in Munich be 22°C or higher on April 25? | Will the highest temperature in Munich be 22°C or higher on April 25? | Will the highest temperature in Istanbul be 19°C on April 25?
LIVE_CORE,820,0xf64145c4c47B7Ce75CDe11C15A82136a14fB2B4A-1770645462820,0xf64145c4c47b7ce75cde11c15a82136a14fb2b4a,,1394.63,90852.47,1.54,weather specialist / weather-heavy,100,199,0,0,218.8,https://polymarket.com/profile/0xf64145c4c47b7ce75cde11c15a82136a14fb2b4a,Will the highest temperature in San Francisco be between 62-63°F on March 25? | Will the highest temperature in Hong Kong be 27°C on March 25? | Will the highest temperature in Ankara be 10°C on March 25? | Will the highest temperature in Shanghai be 15°C on March 25? | Will the highest temperature in San Francisco be between 68-69°F on March 24?
LIVE_CORE,651,smallyua,0x2b407c1091b0e0de5fa5e6d96a2edda2cee3ced4,rongyuzz,1848.63,124632.97,1.48,weather specialist / weather-heavy,95,198,2,0,218.4,https://polymarket.com/profile/0x2b407c1091b0e0de5fa5e6d96a2edda2cee3ced4,Will the highest temperature in Tokyo be 16°C on March 19? | Will the highest temperature in Shenzhen be 28°C on March 26? | Will the highest temperature in Seoul be 13°C on April 1? | Will the highest temperature in Shenzhen be 24°C on April 1? | Will the highest temperature in Seoul be 7°C on March 18?
LIVE_CORE,766,Kaiji-,0xe5bd42e02dc8c05b31514c1596eaf82d3e52339a,,1558.95,182254.47,0.86,weather specialist / weather-heavy,100,200,0,0,218.4,https://polymarket.com/profile/0xe5bd42e02dc8c05b31514c1596eaf82d3e52339a,Will the highest temperature in Moscow be 13°C or higher on April 25? | Will the highest temperature in Hong Kong be 24°C on April 26? | Will the highest temperature in Singapore be 36°C or higher on April 25? | Will the highest temperature in New York City be 58°F or higher on April 25? | Will the highest temperature in New York City be between 60-61°F on April 26?
LIVE_CORE,687,tinylonglong,0x04dcf8d1328b2bf5fa6e7aa8a200df95751cd572,,1755.92,452121.22,0.39,weather specialist / weather-heavy,100,200,0,0,218.4,https://polymarket.com/profile/0x04dcf8d1328b2bf5fa6e7aa8a200df95751cd572,Will the highest temperature in Hong Kong be 19°C on April 24? | Will the highest temperature in Hong Kong be 18°C or below on April 24? | Will the highest temperature in Hong Kong be 20°C on April 24? | Will the highest temperature in Hong Kong be 19°C or below on April 25? | Will the highest temperature in Hong Kong be 20°C on April 25?
LIVE_CORE,961,daasw,0x9d07e244aa810a20c5597260ae3df7f666c26bf3,,1163.05,59247.09,1.96,weather specialist / weather-heavy,100,199,0,0,218.1,https://polymarket.com/profile/0x9d07e244aa810a20c5597260ae3df7f666c26bf3,Will the highest temperature in Seoul be 11°C on March 22? | Will the highest temperature in London be 11°C on March 22? | Will the highest temperature in Miami be between 66-67°F on March 18? | Will the highest temperature in Sao Paulo be 29°C on March 17? | Will the highest temperature in Seoul be 12°C on March 23?
LIVE_CORE,735,jeffkatsu,0x570c03b5f037294ca24b743d90df8c1a993f91c5,,1631.41,377715.98,0.43,weather specialist / weather-heavy,100,200,0,0,217.8,https://polymarket.com/profile/0x570c03b5f037294ca24b743d90df8c1a993f91c5,Will the highest temperature in Hong Kong be 19°C on April 24? | Will the highest temperature in Hong Kong be 26°C on April 24? | Will the highest temperature in Hong Kong be 28°C or higher on April 24? | Will the highest temperature in Hong Kong be 21°C on April 24? | Will the highest temperature in Hong Kong be 25°C on April 24?
LIVE_CORE,776,0x5264b001677b47dd2E20fe20213749DbD7909a63-1770895753458,0x5264b001677b47dd2e20fe20213749dbd7909a63,,1531.52,160360.2,0.96,weather specialist / weather-heavy,99,199,0,0,217.7,https://polymarket.com/profile/0x5264b001677b47dd2e20fe20213749dbd7909a63,Will the highest temperature in Denver be 35°F or below on April 17? | Will the highest temperature in Denver be between 36-37°F on April 17? | Will the highest temperature in Dallas be 67°F or below on April 18? | Will the highest temperature in Chicago be 53°F or below on April 18? | Will the highest temperature in London be 18°C on April 14?
LIVE_CORE,783,hgmr2,0xae68539542db9d69e66445c21e6e3bdde417064a,,1524.13,233028.99,0.65,weather specialist / weather-heavy,100,199,0,0,217.4,https://polymarket.com/profile/0xae68539542db9d69e66445c21e6e3bdde417064a,Will the lowest temperature in Shanghai be 19°C or higher on April 15? | Will the lowest temperature in Tokyo be 20°C or higher on April 15? | Will the highest temperature in Wellington be 22°C or higher on April 13? | Will the highest temperature in London be 12°C on April 13? | Will the highest temperature in Munich be 20°C or higher on April 19?
LIVE_CORE,903,lowM,0xa98a7b57b3ffc40dd701ac345a6ebb1d3255a5a8,,1270.75,94478.79,1.35,weather specialist / weather-heavy,100,199,0,0,217.4,https://polymarket.com/profile/0xa98a7b57b3ffc40dd701ac345a6ebb1d3255a5a8,Will the highest temperature in New York City be 15°F or below on January 27? | Will the highest temperature in Dallas be 82°F or higher on February 26? | Will the highest temperature in Atlanta be between 72-73°F on April 21? | Will the highest temperature in Buenos Aires be 34°C on April 1? | Will the highest temperature in Atlanta be between 68-69°F on February 27?
LIVE_CORE,826,0xcd86761e297f18014c91f4388c39df8262ae1f6d,0xcd86761e297f18014c91f4388c39df8262ae1f6d,,1380.32,144530.87,0.96,weather specialist / weather-heavy,100,199,0,0,217.2,https://polymarket.com/profile/0xcd86761e297f18014c91f4388c39df8262ae1f6d,Will the highest temperature in Shanghai be 15°C on April 22? | Will the highest temperature in Shanghai be 16°C on April 22? | Will the highest temperature in Seoul be 13°C on April 22? | Will the highest temperature in Seoul be 17°C on April 23? | Will the highest temperature in Houston be between 72-73°F on April 22?
LIVE_CORE,747,0x66a17b44f6187745c4f273622a702e2f1b423de8,0x66a17b44f6187745c4f273622a702e2f1b423de8,,1610.72,589267.71,0.27,weather specialist / weather-heavy,100,200,0,0,217.2,https://polymarket.com/profile/0x66a17b44f6187745c4f273622a702e2f1b423de8,Will the highest temperature in Beijing be 16°C on April 13? | Will the highest temperature in Houston be between 76-77°F on March 29? | Will the highest temperature in San Francisco be between 70-71°F on April 22? | Will the highest temperature in Shenzhen be 29°C on April 10? | Will the highest temperature in Los Angeles be between 64-65°F on April 8?
LIVE_CORE,600,goshopping,0x2ef2f13f30e523197e9e66afa2f2620f02fbfaa5,,2009.45,82463.71,2.44,weather specialist / weather-heavy,87,198,13,0,217.2,https://polymarket.com/profile/0x2ef2f13f30e523197e9e66afa2f2620f02fbfaa5,Will the highest temperature in Taipei be 30°C on April 23? | Will the highest temperature in Seoul be 20°C on April 18? | Will the highest temperature in Taipei be 22°C on March 28? | Will the highest temperature in Taipei be 20°C on April 1? | Will the highest temperature in Chengdu be 22°C or higher on April 8?
LIVE_CORE,744,Unpluggedstoic,0xef988ffb5f3ffcf0da700614a2666c6de6a27926,,1614.11,796254.48,0.2,weather specialist / weather-heavy,100,200,0,0,217.1,https://polymarket.com/profile/0xef988ffb5f3ffcf0da700614a2666c6de6a27926,Will the highest temperature in Shanghai be 17°C or below on April 6? | Will the highest temperature in Paris be 17°C on April 22? | Will the highest temperature in Shanghai be 22°C on April 5? | Will the highest temperature in Shanghai be 21°C on April 5? | Will the highest temperature in Toronto be 15°C on April 10?
LIVE_CORE,526,Legend-,0x0a59a7f2a870392a5f555aaa11f49d612e748e5c,,2316.42,92305.63,2.51,weather specialist / weather-heavy,83,200,6,0,216.9,https://polymarket.com/profile/0x0a59a7f2a870392a5f555aaa11f49d612e748e5c,Will the highest temperature in Hong Kong be 21°C on April 24? | Will the highest temperature in Hong Kong be 22°C on April 24? | Will the highest temperature in London be between 59-60°F on November 10? | Will the highest temperature in Ankara be 12°C or higher on March 10? | Will the highest temperature in Ankara be 11°C on March 9?
LIVE_CORE,808,tkr2,0x01a68281185e728ba0fef6245008bf8af68a59b0,,1427.98,271617.85,0.53,weather specialist / weather-heavy,100,200,0,0,216.7,https://polymarket.com/profile/0x01a68281185e728ba0fef6245008bf8af68a59b0,Will the lowest temperature in London be 16°C or higher on April 15? | Will the lowest temperature in Shanghai be 19°C or higher on April 15? | Will the highest temperature in London be 12°C on April 5? | Will the lowest temperature in Tokyo be 20°C or higher on April 15? | Will the highest temperature in London be 12°C on April 13?
LIVE_CORE,732,artymarty,0x0832f04863139dbbeeff45a481ffc0e336c88681,,1647.61,726957.82,0.23,weather specialist / weather-heavy,99,199,0,0,216.6,https://polymarket.com/profile/0x0832f04863139dbbeeff45a481ffc0e336c88681,Will the highest temperature in Dallas be between 72-73°F on April 18? | Will the highest temperature in Chicago be between 60-61°F on March 10? | Will the highest temperature in Busan be 18°C on April 23? | Will the highest temperature in Munich be 17°C on March 13? | Will the highest temperature in Dallas be between 48-49°F on March 16?
LIVE_CORE,1560,0x5da1fca08152148bbabbc0a33708eaab9d7ca003,0x5da1fca08152148bbabbc0a33708eaab9d7ca003,,571.15,14401.16,3.97,weather specialist / weather-heavy,100,200,0,0,216.6,https://polymarket.com/profile/0x5da1fca08152148bbabbc0a33708eaab9d7ca003,Will the highest temperature in Shanghai be 21°C on April 4? | Will the highest temperature in Shanghai be 18°C on March 29? | Will the highest temperature in Amsterdam be 17°C on April 24? | Will the highest temperature in Seoul be 20°C on April 25? | Will the highest temperature in New York City be between 52-53°F on April 20?
LIVE_CORE,73,Ooookey,0xb06a0eae498750ed0acac7e1f759f741c56e52f5,,15772.14,1351776.52,1.17,weather specialist / weather-heavy,55,200,0,0,216.5,https://polymarket.com/profile/0xb06a0eae498750ed0acac7e1f759f741c56e52f5,Will the highest temperature in Seoul be 18°C or higher on April 17? | Will the highest temperature in Dallas be 74°F or higher on April 12? | Will the highest temperature in Dallas be between 70-71°F on April 12? | Will the highest temperature in Buenos Aires be 26°C or higher on April 23? | Will the highest temperature in Buenos Aires be 24°C on April 23? | Will the highest temperature in Hong Kong be 29°C on April 21? | Will the highest temperature in Hong Kong be 31°C or higher on April 21? | Will the highest temperature in Hong Kong be 30°C on April 21?
LIVE_CORE,813,omegaming,0x958a17190a434da9fd4f1d20e0c51fbaf64b9f65,,1414.34,396700.72,0.36,weather specialist / weather-heavy,100,200,0,0,216.2,https://polymarket.com/profile/0x958a17190a434da9fd4f1d20e0c51fbaf64b9f65,Will the highest temperature in Hong Kong be 19°C on April 24? | Will the highest temperature in Hong Kong be 25°C on April 24? | Will the highest temperature in Hong Kong be 20°C on April 24? | Will the highest temperature in Hong Kong be 18°C or below on April 24? | Will the highest temperature in Hong Kong be 27°C on April 24?
LIVE_CORE,834,defiweb88,0xb9662577b522ca8196461dd45c72c6c3d52c84d5,defiweb88,1369.36,124655.43,1.1,weather specialist / weather-heavy,97,200,2,0,216.1,https://polymarket.com/profile/0xb9662577b522ca8196461dd45c72c6c3d52c84d5,Will the highest temperature in Ankara be 10°C on January 30? | Will the highest temperature in Ankara be 7°C on February 24? | Will the highest temperature in Chicago be between 44-45°F on February 20? | Will the highest temperature in Ankara be 8°C on February 24? | Will the highest temperature in Miami be between 62-63°F on January 28?
LIVE_CORE,829,nb03b15,0x0f19972ce086c8b9c3eed911fdd6f660d62ee819,,1375.18,145261.02,0.95,weather specialist / weather-heavy,98,199,0,0,216.1,https://polymarket.com/profile/0x0f19972ce086c8b9c3eed911fdd6f660d62ee819,Will the highest temperature in Tel Aviv be 20°C on March 16? | Will the highest temperature in Tel Aviv be 19°C on March 16? | Will the highest temperature in Seoul be 14°C on March 23? | Will the highest temperature in Seoul be 16°C on April 17? | Will the highest temperature in Shanghai be 18°C or higher on April 23?
LIVE_CORE,832,NewBuildingX,0xcb32934773126ed9267babaee1e68f0c375779aa,,1372.75,352702.62,0.39,weather specialist / weather-heavy,100,200,0,0,216.0,https://polymarket.com/profile/0xcb32934773126ed9267babaee1e68f0c375779aa,Will the highest temperature in Hong Kong be 19°C on April 24? | Will the highest temperature in Hong Kong be 18°C or below on April 24? | Will the highest temperature in Hong Kong be 20°C on April 24? | Will the highest temperature in Hong Kong be 19°C or below on April 25? | Will the highest temperature in Hong Kong be 20°C on April 25?
LIVE_CORE,638,FCAZ89,0x17295786397bf2ddc0eeb4e9421ce39d2b1911af,,1870.68,5273.86,35.47,weather specialist / weather-heavy,15,116,0,6,215.3,https://polymarket.com/profile/0x17295786397bf2ddc0eeb4e9421ce39d2b1911af,Will the highest temperature in Seoul be 10°C on April 9? | Will the highest temperature in Milan be 20°C on April 10? | Will the highest temperature in Sao Paulo be 20°C on April 10? | Will the highest temperature in Los Angeles be between 78-79°F on April 9? | Will the highest temperature in Buenos Aires be 21°C on April 10?
LIVE_CORE,833,0xA6fbD527070aBF16092D05512e4C603516de58E2-1775558436830,0xa6fbd527070abf16092d05512e4c603516de58e2,,1370.28,933067.36,0.15,weather specialist / weather-heavy,100,199,0,0,215.2,https://polymarket.com/profile/0xa6fbd527070abf16092d05512e4c603516de58e2,Will the highest temperature in Shanghai be 27°C or higher on April 19? | Will the highest temperature in Shanghai be 26°C on April 19? | Will the highest temperature in Hong Kong be 25°C on April 19? | Will the highest temperature in Hong Kong be 23°C on April 19? | Will the highest temperature in Hong Kong be 24°C on April 19?
LIVE_CORE,656,jey,0xf7f48505305738f0b801ba06276d73d40c2d1e34,,1840.43,425521.03,0.43,weather specialist / weather-heavy,93,200,0,0,215.1,https://polymarket.com/profile/0xf7f48505305738f0b801ba06276d73d40c2d1e34,Will the highest temperature in Hong Kong be 29°C or higher on April 25? | Will the highest temperature in Houston be between 66-67°F on April 19? | Will the highest temperature in Hong Kong be 27°C on April 25? | Will the highest temperature in Hong Kong be 28°C on April 16? | Will the highest temperature in Hong Kong be 27°C on April 19?
CORE_FOLLOW,213,0xb49f3fae241faa938b7670348c4afa6464751821,0xb49f3fae241faa938b7670348c4afa6464751821,,5487.45,32865.67,16.7,weather specialist / weather-heavy,0,200,0,0,215.0,https://polymarket.com/profile/0xb49f3fae241faa938b7670348c4afa6464751821,Will the highest temperature in Cape Town be 22°C on April 25? | Will the highest temperature in Amsterdam be 16°C on April 25? | Will the highest temperature in Cape Town be 22°C on April 25? | Will the highest temperature in Madrid be 24°C on April 25? | Will the highest temperature in Amsterdam be 16°C on April 25? | Will the highest temperature in Cape Town be 21°C on April 25? | Will the highest temperature in Madrid be 24°C on April 25? | Will the highest temperature in Amsterdam be 16°C on April 25?
LIVE_CORE,892,fridius2,0x81035115a389a085e36255e5cb9b9ab8ee3723a1,,1293.45,752856.56,0.17,weather specialist / weather-heavy,100,200,0,0,214.9,https://polymarket.com/profile/0x81035115a389a085e36255e5cb9b9ab8ee3723a1,Will the highest temperature in Munich be 20°C or higher on April 19? | Will the highest temperature in London be 13°C on April 19? | Will the highest temperature in London be 20°C on April 17? | Will the highest temperature in Munich be 12°C on April 21? | Will the highest temperature in Shanghai be 16°C on April 21?
LIVE_CORE,1140,0x3319f92377760eddafb70a291475db70123e977a,0x3319f92377760eddafb70a291475db70123e977a,,944.33,56514.97,1.67,weather specialist / weather-heavy,99,199,0,0,214.9,https://polymarket.com/profile/0x3319f92377760eddafb70a291475db70123e977a,Will the highest temperature in Seoul be 10°C on March 22? | Will the highest temperature in Sao Paulo be 30°C on March 3? | Will the highest temperature in Seoul be 14°C on April 3? | Will the highest temperature in Seoul be 7°C on March 15? | Will the highest temperature in Chicago be between 68-69°F on April 15?
LIVE_CORE,1020,Ant1111,0x28b397ff9c7b42611bed6845854fb1d7797d7af3,,1087.53,108360.37,1.0,weather specialist / weather-heavy,99,200,1,0,214.8,https://polymarket.com/profile/0x28b397ff9c7b42611bed6845854fb1d7797d7af3,Will the highest temperature in Seattle be between 46-47°F on April 26? | Will the highest temperature in Wellington be 11°C or below on April 26? | Will the highest temperature in Miami be 73°F or below on April 26? | Will the highest temperature in Lucknow be 52°C or higher on April 27? | Will the highest temperature in Ankara be 13°C or below on April 26?
LIVE_CORE,978,Hurdur,0xd51eb0de93b3e51912fd9d63ca7e744551036465,,1141.22,231727.41,0.49,weather specialist / weather-heavy,100,199,0,0,214.3,https://polymarket.com/profile/0xd51eb0de93b3e51912fd9d63ca7e744551036465,Will the highest temperature in Dallas be 53°F or below on April 22? | Will the highest temperature in Miami be 67°F or below on April 22? | Will the highest temperature in Houston be 57°F or below on April 22? | Will the highest temperature in Chicago be 50°F or higher on April 22? | Will the highest temperature in Lucknow be 39°C on April 22?
LIVE_CORE,754,longsho0o0o0o0ter,0xad137a5d30bc668006dd9f43676ff53b77097ed6,,1592.61,858260.42,0.19,weather specialist / weather-heavy,95,200,0,0,214.2,https://polymarket.com/profile/0xad137a5d30bc668006dd9f43676ff53b77097ed6,Will the highest temperature in Atlanta be between 56-57°F on March 18? | Will the highest temperature in Munich be 11°C on March 18? | Will the highest temperature in New York City be between 36-37°F on March 18? | Will the highest temperature in Shanghai be 12°C on March 19? | Will the highest temperature in Tokyo be 13°C on March 17?
LIVE_CORE,3064,AlicizationViolet,0x97dc125b9fedb375c2ee85b5caae66c0b858f612,,248.57,3887.94,6.39,weather specialist / weather-heavy,99,200,1,0,214.1,https://polymarket.com/profile/0x97dc125b9fedb375c2ee85b5caae66c0b858f612,Will the highest temperature in London be 11°C on March 27? | Will the highest temperature in Tokyo be 14°C on April 2? | Will the highest temperature in Denver be between 58-59°F on April 18? | Will the highest temperature in Milan be 17°C on April 14? | Will the highest temperature in Tokyo be 15°C on April 2?
LIVE_CORE,9,BeefSlayer,0x331bf91c132af9d921e1908ca0979363fc47193f,BeefSlayer_,63444.05,1418633.83,4.47,weather specialist / weather-heavy,12,198,1,1,214.0,https://polymarket.com/profile/0x331bf91c132af9d921e1908ca0979363fc47193f,Will the highest temperature in Seattle be 66°F or higher on April 24? | Will the highest temperature in Seoul be 18°C on April 23? | Will the highest temperature in Seoul be 20°C on April 25? | Will the highest temperature in New York City be between 68-69°F on April 23? | Will the highest temperature in Seoul be 19°C on April 23? | Will the highest temperature in Atlanta be between 84-85°F on April 22? | Will the highest temperature in Seoul be 19°C on April 25? | Will the highest temperature in New York City be between 64-65°F on April 24?
LIVE_CORE,1037,testacccc,0x78d8df801c35a594eadfbbb7e9c5a84a923a4a88,,1073.92,217549.88,0.49,weather specialist / weather-heavy,100,200,0,0,213.9,https://polymarket.com/profile/0x78d8df801c35a594eadfbbb7e9c5a84a923a4a88,Will the highest temperature in Seoul be 7°C on April 5? | Will the highest temperature in Seoul be 6°C or below on April 5? | Will the highest temperature in Seoul be 8°C on April 5? | Will the highest temperature in Toronto be 26°C on April 15? | Will the highest temperature in Tokyo be 14°C on April 6?
LIVE_CORE,7,Handsanitizer23,0x05e70727a2e2dcd079baa2ef1c0b88af06bb9641,,71174.4,953274.81,7.47,weather specialist / weather-heavy,15,151,4,37,213.9,https://polymarket.com/profile/0x05e70727a2e2dcd079baa2ef1c0b88af06bb9641,Will the highest temperature in Guangzhou be 31°C on April 16? | Will the highest temperature in Shenzhen be 28°C on March 22? | Will the highest temperature in Lucknow be 35°C on March 6? | Will the highest temperature in Lucknow be 36°C or below on March 9? | Will the highest temperature in Seoul be 4°C on March 8? | Will the highest temperature in Dallas be between 72-73°F on March 4? | Will the highest temperature in London be 16°C on March 3? | Will the highest temperature in Dallas be between 84-85°F on March 19?
LIVE_CORE,105,Maskache,0xc981e9d3b977dfc69188889f979f5cd36555a75d,,11055.32,1774619.64,0.62,weather specialist / weather-heavy,90,122,3,8,213.9,https://polymarket.com/profile/0xc981e9d3b977dfc69188889f979f5cd36555a75d,Will the highest temperature in New York City be between 42-43°F on January 7? | Will the highest temperature in Seoul be 0°C or below on January 6? | Will the highest temperature in Seoul be 4°C on January 3? | Will the highest temperature in Seoul be 1°C on January 6? | Will the highest temperature in Seoul be -2°C or higher on January 2? | Will the highest temperature in Seoul be 5°C or higher on January 4? | Will the highest temperature in Seoul be -6°C on January 2? | Will the highest temperature in New York City be 41°F or below on January 7?
LIVE_CORE,954,0x6EBCA419255Cd1a37d9505181C0cAd69562a4A5C-1774515771455,0x6ebca419255cd1a37d9505181c0cad69562a4a5c,,1172.78,1157044.18,0.1,weather specialist / weather-heavy,100,200,0,0,213.8,https://polymarket.com/profile/0x6ebca419255cd1a37d9505181c0cad69562a4a5c,Will the highest temperature in Atlanta be 73°F or below on April 26? | Will the highest temperature in Atlanta be between 84-85°F on April 25? | Will the highest temperature in London be 15°C or below on April 25? | Will the highest temperature in Denver be 45°F or below on April 26? | Will the highest temperature in London be 16°C on April 25?
LIVE_CORE,1122,0x997FC832295AB4030FB9b3398a230B1A0601000a-1762077299420,0x997fc832295ab4030fb9b3398a230b1a0601000a,,963.61,130059.13,0.74,weather specialist / weather-heavy,100,200,0,0,213.5,https://polymarket.com/profile/0x997fc832295ab4030fb9b3398a230b1a0601000a,Will the highest temperature in Dallas be between 82-83°F on March 20? | Will the highest temperature in Toronto be 1°C or below on March 20? | Will the highest temperature in Chicago be between 18-19°F on March 17? | Will the highest temperature in Atlanta be between 38-39°F on March 17? | Will the highest temperature in Dallas be between 56-57°F on March 17?
LIVE_CORE,900,LXJXLJ,0xf56ccbb9d8158ae1dda67207d1f76acf2f81ad84,,1272.52,462235.86,0.28,weather specialist / weather-heavy,100,193,0,3,213.5,https://polymarket.com/profile/0xf56ccbb9d8158ae1dda67207d1f76acf2f81ad84,Will the highest temperature in Hong Kong be 22°C on April 24? | Will the highest temperature in Hong Kong be 25°C on April 26? | Will the highest temperature in Chengdu be 33°C on April 25? | Will the highest temperature in Shenzhen be 28°C on April 25? | Will the highest temperature in Taipei be 22°C on April 25?
LIVE_CORE,1060,gxifacai,0xefae56742a8a63eb48289c3eb6c472f7d52d3ace,,1041.76,109075.98,0.96,weather specialist / weather-heavy,99,196,1,0,213.3,https://polymarket.com/profile/0xefae56742a8a63eb48289c3eb6c472f7d52d3ace,Will the highest temperature in Shanghai be 12°C on March 13? | Will the highest temperature in Seoul be 10°C on March 13? | Will the highest temperature in Dallas be between 68-69°F on April 22? | Will the highest temperature in Seoul be 13°C on February 28? | Will the highest temperature in Paris be 20°C on April 11?
LIVE_CORE,1027,PythiaSnr,0xef98c81d560325c8a57b9f63adc8ba5cda78b586,,1084.02,477313.39,0.23,weather specialist / weather-heavy,100,200,0,0,213.3,https://polymarket.com/profile/0xef98c81d560325c8a57b9f63adc8ba5cda78b586,Will the highest temperature in London be 16°C on March 24? | Will the highest temperature in Ankara be 11°C on March 15? | Will the highest temperature in Atlanta be 65°F or below on March 14? | Will the highest temperature in Chicago be between 34-35°F on March 14? | Will the highest temperature in London be 9°C on March 15?
LIVE_CORE,569,UN-Sure,0x88911ee8caf1aabd510bd7d427f7955b7a24b5fc,,2137.67,356628.24,0.6,weather specialist / weather-heavy,87,198,0,1,213.2,https://polymarket.com/profile/0x88911ee8caf1aabd510bd7d427f7955b7a24b5fc,Will the highest temperature in New York City be between 42-43°F on March 6? | Will the highest temperature in Buenos Aires be 34°C on February 4? | Will the highest temperature in Atlanta be 66°F or higher on February 10? | Will the highest temperature in Seattle be between 48-49°F on February 10? | Will the highest temperature in Miami be between 82-83°F on February 4?
LIVE_CORE,866,Psychomer,0x0408c084014487e37e8287d642833e742fa23d68,,1331.99,67932.32,1.96,weather specialist / weather-heavy,89,198,2,0,213.2,https://polymarket.com/profile/0x0408c084014487e37e8287d642833e742fa23d68,Will the highest temperature in Seoul be 8°C on February 14? | Will the highest temperature in Tel Aviv be 29°C on March 18? | Will the highest temperature in Buenos Aires be 32°C on February 15? | Will the highest temperature in Seattle be between 46-47°F on January 1? | Will the highest temperature in New York City be 46°F or higher on January 6?
LIVE_CORE,1093,skewerpacil,0x900939fada83b830ae89e39c031e11e44bd91621,,1004.17,245696.44,0.41,weather specialist / weather-heavy,100,200,0,0,213.1,https://polymarket.com/profile/0x900939fada83b830ae89e39c031e11e44bd91621,Will the highest temperature in Hong Kong be 19°C on April 24? | Will the highest temperature in Hong Kong be 18°C or below on April 24? | Will the highest temperature in Hong Kong be 20°C on April 24? | Will the highest temperature in Hong Kong be 19°C or below on April 25? | Will the highest temperature in Hong Kong be 21°C on April 25?
LIVE_CORE,1108,skyapple,0x58de2a7224b2ed15a6e1b64e07f92b91850a83af,,984.6,217039.54,0.45,weather specialist / weather-heavy,100,200,0,0,213.0,https://polymarket.com/profile/0x58de2a7224b2ed15a6e1b64e07f92b91850a83af,Will the highest temperature in Hong Kong be 24°C on April 26? | Will the highest temperature in Beijing be 23°C on April 26? | Will the highest temperature in Seattle be 68°F or higher on April 27? | Will the highest temperature in Denver be 64°F or higher on April 26? | Will the highest temperature in Istanbul be 19°C on April 25?
LIVE_CORE,1121,bellaizi,0x287cbdbb21965bd4fc3295d5524818d1895081b2,,966.03,157851.3,0.61,weather specialist / weather-heavy,100,199,0,0,213.0,https://polymarket.com/profile/0x287cbdbb21965bd4fc3295d5524818d1895081b2,Will the highest temperature in Panama City be 27°C on April 7? | Will the highest temperature in Wuhan be 21°C or below on April 7? | Will the highest temperature in Helsinki be 4°C on April 7? | Will the highest temperature in Panama City be 29°C on April 7? | Will the highest temperature in Amsterdam be 13°C on April 7?
LIVE_CORE,1365,kimochi.88,0x9fbaf23f5720be5bc346546bf87aaff5e0a73adc,rikoch3t,715.0,45523.54,1.57,weather specialist / weather-heavy,100,200,0,0,212.7,https://polymarket.com/profile/0x9fbaf23f5720be5bc346546bf87aaff5e0a73adc,Will the highest temperature in London be 13°C or below on April 23? | Will the highest temperature in Taipei be 33°C or higher on April 26? | Will the highest temperature in London be 11°C on April 20? | Will the highest temperature in London be 11°C on April 21? | Will the highest temperature in London be 24°C on April 25?
LIVE_CORE,1277,0x5a5ad61fbF75Bc09B0EA0910De4C36F53fb377E5-1771023674894,0x5a5ad61fbf75bc09b0ea0910de4c36f53fb377e5,,797.7,50504.73,1.58,weather specialist / weather-heavy,98,200,2,0,212.7,https://polymarket.com/profile/0x5a5ad61fbf75bc09b0ea0910de4c36f53fb377e5,Will the highest temperature in Buenos Aires be 29°C on March 19? | Will the highest temperature in Buenos Aires be 25°C on March 20? | Will the highest temperature in Chicago be between 60-61°F on March 20? | Will the highest temperature in Madrid be 20°C on March 22? | Will the highest temperature in Buenos Aires be 26°C on March 20?
