rank,userName,proxyWallet,xUsername,weather_pnl_usd,weather_volume_usd,pnl_over_volume_pct,classification,confidence,active_positions,active_weather_positions,active_nonweather_positions,recent_activity,recent_weather_activity,recent_nonweather_activity,sample_weather_titles,sample_nonweather_titles,profile_url
1,gopfan2,0xf2f6af4f27ec2dcf4072095ab804016e14cd5817,r_gopfan,343576.69559603644,4571379.83341,7.516,profitable in weather but currently/recently generalist,low,100,1,34,200,0,39,Rangers vs. Hurricanes,Will Congo DR win the 2026 FIFA World Cup? | Will Senegal win the 2026 FIFA World Cup? | Will Kamala Harris win the 2028 US Presidential Election? | Will Brad Lander win the 2025 NYC mayoral election? | Will Trump nominate no one before 2027?,https://polymarket.com/profile/0xf2f6af4f27ec2dcf4072095ab804016e14cd5817
2,aenews2,0x44c1dfe43260c94ed4f1d00de2e1f80fb113ebc1,aenews,277050.185099862,9972308.555524996,2.778,not enough public recent data to classify,low,30,0,13,200,0,102,,Will the U.S. invade Iran before 2027? | Will Trump agree to Iranian enrichment of uranium in April? | Trump announces end of military operations against Iran by April 30th? | US-Iran nuclear deal by April 30? | Will Graham Platner be the Democratic nominee for Senate in Maine?,https://polymarket.com/profile/0x44c1dfe43260c94ed4f1d00de2e1f80fb113ebc1
3,ColdMath,0x594edb9112f526fa6a80b8f858a6379c8a2c1c11,,121335.48080303265,8835337.509752,1.373,weather specialist / weather-heavy,medium,100,97,0,200,192,0,Will the highest temperature in Cape Town be 16°C on April 20? | Will the highest temperature in Ankara be 10°C or higher on March 1? | Will the highest temperature in Wellington be 21°C or higher on February 28? | Will the highest temperature in London be 11°C on April 14? | Will the highest temperature in Ankara be 13°C or higher on March 21? | Will the highest temperature in Lucknow be 35°C on March 5? | Will the highest temperature in Ankara be 7°C on February 26? | Will the highest temperature in Ankara be 8°C or higher on February 26?,,https://polymarket.com/profile/0x594edb9112f526fa6a80b8f858a6379c8a2c1c11
4,gopfan,0x6af75d4e4aaf700450efbac3708cce1665810ff1,,118426.46718552645,739900.9826490001,16.006,weather-heavy mixed,low,0,0,0,200,31,83,Will there be more than 25 named storms during Atlantic Hurricane Season? | Will Ukraine hold Kursk through October 31? | August temperature increase greater than 1.29°C? | August temperature increase by between 1.25-1.29°C? | August temperature increase by between 1.20-1.24°C? | Will Ukraine hold Kursk through Aug 31? | August temperature increase greater than 1.29°C? | August temperature increase by between 1.20-1.24°C?,Will Lee Jun-seok be elected the next president of South Korea? | Will Kanye West win the 2024 US Presidential Election? | Will Lee Jun-seok be elected the next president of South Korea? | Will a Democrat win Nevada US Senate Election? | Will a Republican win Montana US Senate Election?,https://polymarket.com/profile/0x6af75d4e4aaf700450efbac3708cce1665810ff1
5,bama124,0xe5c8026239919339b988fdb150a7ef4ea196d3e7,,86600.54794799998,410556.0700869999,21.093,profitable in weather but currently/recently generalist,low,1,0,0,200,4,66,August temperature increase by between 1.25-1.29°C? | August temperature increase by between 1.20-1.24°C? | August temperature increase greater than 1.29°C? | August temperature increase by between 1.25-1.29°C?,Fed emergency rate cut in 2024? | Will Kamala Harris win the 2024 US Presidential Election? | No Ethereum all time high in 2024? | No Ethereum all time high in 2024? | No Ethereum all time high in 2024?,https://polymarket.com/profile/0xe5c8026239919339b988fdb150a7ef4ea196d3e7
6,Hans323,0x0f37cb80dee49d55b5f6d9e595d52591d6371410,Hans323,80872.367738586,6971546.614699001,1.16,weather-heavy mixed,low,4,0,2,200,55,64,Will the highest temperature in New York City be between 50-51°F on April 21? | Will the highest temperature in New York City be between 50-51°F on April 21? | Will the highest temperature in Manila be 33°C on April 15? | Will the highest temperature in Guangzhou be 30°C or below on April 15? | Will the highest temperature in Manila be 34°C on April 15? | Will the highest temperature in Manila be 34°C on April 15? | Will the highest temperature in Manila be 34°C on April 15? | Will the highest temperature in Manila be 34°C on April 15?,Will Gavin Newsom win the 2028 Democratic presidential nomination? | Will Gavin Newsom win the 2028 Democratic presidential nomination? | Will Gavin Newsom win the 2028 Democratic presidential nomination? | Will Gavin Newsom win the 2028 Democratic presidential nomination? | Will Gavin Newsom win the 2028 Democratic presidential nomination?,https://polymarket.com/profile/0x0f37cb80dee49d55b5f6d9e595d52591d6371410
7,Handsanitizer23,0x05e70727a2e2dcd079baa2ef1c0b88af06bb9641,,71174.40067137999,953274.808,7.466,weather specialist / weather-heavy,medium,21,15,3,200,151,39,Will the highest temperature in Guangzhou be 31°C on April 16? | Will the highest temperature in Shenzhen be 28°C on March 22? | Will the highest temperature in Lucknow be 35°C on March 6? | Will the highest temperature in Lucknow be 36°C or below on March 9? | Will the highest temperature in Seoul be 4°C on March 8? | Will the highest temperature in Dallas be between 72-73°F on March 4? | Will the highest temperature in London be 16°C on March 3? | Will the highest temperature in Dallas be between 84-85°F on March 19?,"Will Bitcoin dip to $68,000 on April 17? | Will the price of Bitcoin be between $64,000 and $66,000 on March 1? | Will Trump say ""Winter Olympic"" or ""Winter Olympics"" this week? (February 22) | Will Bitcoin dip to $68,000 on April 17? | Will Bitcoin dip to $68,000 on April 17?",https://polymarket.com/profile/0x05e70727a2e2dcd079baa2ef1c0b88af06bb9641
8,automatedAItradingbot,0xd8f8c13644ea84d62e1ec88c5d1215e436eb0f11,,64617.332131685274,2362463.7227940005,2.735,weather specialist / weather-heavy,medium,35,18,3,200,119,3,Will the highest temperature in Seoul be 22°C on April 23? | Will the highest temperature in Los Angeles be between 70-71°F on April 19? | Will the highest temperature in Seoul be 17°C on April 17? | Will the highest temperature in Chicago be between 48-49°F on April 19? | Will the highest temperature in Sao Paulo be 28°C on April 19? | Will the highest temperature in Chicago be between 72-73°F on April 15? | Will the highest temperature in Lagos be 32°C on April 19? | Will the highest temperature in San Francisco be between 62-63°F on April 15?,Indian Premier League: Royal Challengers Bangalore vs Gujarat Titans - Who wins the toss? | Indian Premier League: Royal Challengers Bangalore vs Gujarat Titans - Completed match? | Will Jack Della Maddalena be ranked first in the UFC Pound-For-Pound Rankings at the end of 2026? | Will Ty Simpson be drafted in the top 5 picks of the 2026 NFL Draft? | Will annual inflation increase by 3.8% in April?,https://polymarket.com/profile/0xd8f8c13644ea84d62e1ec88c5d1215e436eb0f11
9,BeefSlayer,0x331bf91c132af9d921e1908ca0979363fc47193f,BeefSlayer_,63460.268900016934,1418954.650763,4.472,weather specialist / weather-heavy,medium,5,4,1,200,198,1,Will the highest temperature in Seoul be 20°C on April 25? | Will the highest temperature in Atlanta be 71°F or below on April 25? | Will the highest temperature in Miami be between 86-87°F on April 25? | Will the highest temperature in New York City be between 62-63°F on April 24? | Will the highest temperature in Atlanta be 71°F or below on April 25? | Will the highest temperature in Miami be between 86-87°F on April 25? | Will the highest temperature in Atlanta be 71°F or below on April 25? | Will the highest temperature in Atlanta be 71°F or below on April 25?,Will Shai Gilgeous-Alexander win the 2025–2026 NBA MVP? | Will Cade Cunningham win the 2025–2026 NBA MVP?,https://polymarket.com/profile/0x331bf91c132af9d921e1908ca0979363fc47193f
10,BigMike11,0xecdbd79566a25693b9971c48d7de84bc05f7da79,,62776.720778682255,850755.648137,7.379,weather-heavy mixed,low,1,0,1,200,6,72,Russia x Ukraine ceasefire in 2025? | Russia x Ukraine ceasefire in 2025? | Russia x Ukraine ceasefire in 2025? | Russia x Ukraine ceasefire in 2025? | Russia x Ukraine ceasefire by August 31? | Russia x Ukraine ceasefire by August 31?,Will the U.S. invade Iran before 2027? | Will the U.S. invade Iran before 2027? | Will the U.S. invade Iran before 2027? | US forces enter Iran by April 30? | US forces enter Iran by April 30?,https://polymarket.com/profile/0xecdbd79566a25693b9971c48d7de84bc05f7da79
11,Kapii,0xb74711992caf6d04fa55eecc46b8efc95311b050,,57190.1262069312,1833451.173958,3.119,weather-heavy mixed,low,44,4,23,200,1,76,Will global temperature increase by between 0.90–0.94ºC in July 2025? | Will global temperature increase by between 0.95–0.99ºC in July 2025? | Will global temperature increase by between 1.00–1.04ºC in July 2025? | Will global temperature increase by more than 1.19ºC in October 2025 (LS)? | Russia x Ukraine ceasefire in 2025?,"Will Donald Trump visit Germany in 2025? | Will Donald Trump visit South Korea in 2025? | Will Trump and Zelenskyy hug on Monday? | Will Oscar Piastri win the 2025 F1 Hungarian Grand Prix? | Will Trump say ""Thousand / Million / Billion"" 12+ times during Zelensky events on August 18?",https://polymarket.com/profile/0xb74711992caf6d04fa55eecc46b8efc95311b050
12,WeatherTraderBot,0xacc8e9dcabf9d65a5c78e3bec6941ed53a2b7d08,,57179.73756660085,1788233.3255239995,3.198,weather-heavy mixed,low,3,2,0,200,71,107,Will the highest temperature in London be 17°C on March 24? | Will the highest temperature in London be 16°C on March 24? | Will the highest temperature in London be 17°C on March 24? | Will the highest temperature in London be 17°C on March 24? | Will the highest temperature in London be 17°C on March 24? | Will the highest temperature in London be 17°C on March 24? | Will the highest temperature in London be 17°C on March 24? | Will the highest temperature in London be 17°C on March 24?,"Will the GreenLeft–Labour Party alliance win the second most seats in the 2025 Netherlands parliamentary election? | Will Trump say ""Radical left"" 3+ times at Charlie Kirk Memorial Event on September 21? | Will Trump say ""Terrible"" or ""Horrible"" during the announcement on December 19? | Will Trump say ""Biden"" or ""Obama"" while addressing the nation on December 17? | Will Trump say ""Apple"" during the Purple Heart ceremony on August 7?",https://polymarket.com/profile/0xacc8e9dcabf9d65a5c78e3bec6941ed53a2b7d08
13,HondaCivic,0x15ceffed7bf820cd2d90f90ea24ae9909f5cd5fa,0xMarchyel,56197.55982499059,6390837.938782001,0.879,weather specialist / weather-heavy,medium,9,2,1,200,200,0,Will the highest temperature in Ankara be 17°C on April 25? | Will the highest temperature in Ankara be 16°C on April 25? | Will the highest temperature in Warsaw be 16°C on April 25? | Will the highest temperature in Ankara be 15°C on April 25? | Will the highest temperature in Ankara be 17°C on April 25? | Will the highest temperature in Moscow be 8°C on April 25? | Will the highest temperature in Amsterdam be 13°C on April 25? | Will the highest temperature in Ankara be 16°C on April 25?,Will Oscar Piastri be the 2026 F1 Drivers' Champion?,https://polymarket.com/profile/0x15ceffed7bf820cd2d90f90ea24ae9909f5cd5fa
14,aenews-915,0xf1bb700a67e3e8a45dc8160a92f4e0405f41bf09,,55093.07365373363,598139.13582,9.211,weather-heavy mixed,low,1,0,1,200,6,162,Energy infrastructure ceasefire in Ukraine in March?  | Energy infrastructure ceasefire in Ukraine in March?  | Will global temperature increase by between 1.20-1.24ºC in January 2025? | Will global temperature increase by less than 1.20ºC in January 2025? | Will global temperature increase by between 1.20-1.24ºC in January 2025? | Will global temperature increase by less than 1.20ºC in January 2025?,Will Zohran Mamdani win the 2025 NYC mayoral election? | Will Zohran Mamdani win the 2025 NYC mayoral election? | Will Trump sanction Russia before March? | Will Trump sanction Russia before March? | [Single Market] Will Joe Biden win the U.S. 2024 Democratic presidential nomination?,https://polymarket.com/profile/0xf1bb700a67e3e8a45dc8160a92f4e0405f41bf09
15,CoffeeLover,0xc1b399b26020a4f689108e9640fd3dc8ffc8501c,,51421.3304658311,161054.39435400005,31.928,not enough public recent data to classify,low,100,0,81,200,0,27,,Will Aldo Rebelo win the 2026 Brazilian presidential election? | Will Ronaldo Caiado win the 2026 Brazilian presidential election? | Will Camilo Santana win the 2026 Brazilian presidential election? | Will Romeu Zema win the 2026 Brazilian presidential election? | Will Geraldo Alckmin win the 2026 Brazilian presidential election?,https://polymarket.com/profile/0xc1b399b26020a4f689108e9640fd3dc8ffc8501c
16,junkbonds,0xdaad6f960d507dba148c1ff908db5a28743169cc,,51264.800686,864204.68559,5.932,profitable in weather but currently/recently generalist,low,8,0,7,200,2,95,Will global temperature increase by between 1.00ºC and 1.04ºC in September 2025? | Will global temperature increase by between 1.00ºC and 1.04ºC in September 2025?,"Will Iran successfully target shipping on March 31, 2026? | Will Donald Trump visit Germany in 2026? | Will Donald Trump visit the United Kingdom in 2026? | Will Donald Trump visit Pakistan in 2026? | Will Donald Trump visit France in 2026?",https://polymarket.com/profile/0xdaad6f960d507dba148c1ff908db5a28743169cc
17,chilling,0x5a181dcf3eb53a09fb32b20a5a9312fb8d26f689,,50781.102384,741105.841489,6.852,profitable in weather but currently/recently generalist,low,0,0,0,200,1,105,Will NASA record 2023 as the hottest year on record? (1.03°C or higher),Will Paul Giamatti win the Oscar for Best Actor? | Will Cillian Murphy win the Oscar for Best Actor? | WIF listed on Coinbase or Binance? | Will Trump appear on Maine primary ballot? | Trump margin of victory in New Hampshire Primary >15%,https://polymarket.com/profile/0x5a181dcf3eb53a09fb32b20a5a9312fb8d26f689
18,Poligarch,0xb40e89677d59665d5188541ad860450a6e2a7cc9,,50075.69891718317,6133466.340979001,0.816,weather specialist / weather-heavy,medium,100,63,24,200,180,15,Will the highest temperature in Chengdu be 31°C on April 25? | Will the highest temperature in Chengdu be 31°C on April 25? | Will the highest temperature in Chengdu be 30°C on April 25? | Will the highest temperature in Chengdu be 32°C on April 25? | Will the highest temperature in Chengdu be 32°C on April 25? | Will the highest temperature in Chengdu be 30°C on April 25? | Will the highest temperature in Hong Kong be 26°C on April 25? | Will the highest temperature in Paris be 23°C on April 25?,"Trump announces end of military operations against Iran by April 30th? | US x Iran permanent peace deal by May 31, 2026? | US x Iran diplomatic meeting by April 23, 2026? | US x Iran diplomatic meeting by April 27, 2026? | US x Iran diplomatic meeting by April 27, 2026?",https://polymarket.com/profile/0xb40e89677d59665d5188541ad860450a6e2a7cc9
19,Maskache2,0x1f66796b45581868376365aef54b51eb84184c8d,Mask4che,49971.26666375482,4620632.96957,1.081,weather specialist / weather-heavy,medium,100,96,1,200,198,0,Will the highest temperature in Hong Kong be 29°C or higher on April 5? | Will the highest temperature in Moscow be 11°C on March 30? | Will the highest temperature in Atlanta be between 62-63°F on April 6? | Will the highest temperature in Tokyo be 19°C on April 11? | Will the highest temperature in Seoul be 20°C on April 15? | Will the highest temperature in Hong Kong be 28°C on April 5? | Will the highest temperature in Seoul be 10°C on April 5? | Will the highest temperature in Seoul be 16°C or higher on March 26?,Will Robert F. Kennedy Jr. be the first to leave the Trump Cabinet before 2027?,https://polymarket.com/profile/0x1f66796b45581868376365aef54b51eb84184c8d
20,russell110320,0x118689b24aead1d6e9507b8068d056b2ec4f051b,,46787.65927249905,1370054.3825659999,3.415,weather specialist / weather-heavy,medium,13,6,0,200,127,0,Will global temperature increase by between 1.15ºC and 1.19ºC in April 2026? | Will global temperature increase by less than 1.10ºC in April 2026? | Will global temperature increase by between 1.25ºC and 1.29ºC in April 2026? | Will global temperature increase by more than 1.29ºC in April 2026? | Will global temperature increase by between 1.20ºC and 1.24ºC in April 2026? | Will global temperature increase by between 1.10ºC and 1.14ºC in April 2026? | Will global temperature increase by between 1.10ºC and 1.14ºC in April 2026? | Will global temperature increase by between 1.15ºC and 1.19ºC in April 2026?,,https://polymarket.com/profile/0x118689b24aead1d6e9507b8068d056b2ec4f051b
21,HenryTheAtmoPhD,0x57ee70867b4e387de9de34fd62bc685aa02a8112,,45558.17971614949,3188650.6468660003,1.429,weather specialist / weather-heavy,medium,49,29,3,200,183,0,Will the highest temperature in Hong Kong be 23°C on April 24? | Will the highest temperature in Seoul be 19°C on April 25? | Will the highest temperature in Hong Kong be 27°C on April 25? | Will the highest temperature in Seoul be 12°C on April 25? | Will the highest temperature in Seoul be 18°C on April 25? | Will the highest temperature in Seoul be 11°C or below on April 25? | Will the highest temperature in Seoul be 15°C on April 25? | Will the highest temperature in Seoul be 13°C on April 25?,Indian Premier League: Rajasthan Royals vs Sunrisers Hyderabad - Toss Match Double Rajasthan Royals Winner | Indian Premier League: Rajasthan Royals vs Sunrisers Hyderabad - Who wins the toss? | Indian Premier League: Delhi Capitals vs Royal Challengers Bengaluru - Completed match?,https://polymarket.com/profile/0x57ee70867b4e387de9de34fd62bc685aa02a8112
22,JoeTheMeteorologist,0x1838cca016850ac7185a9b149fe7d0bd2d6629b4,,44961.8557613632,2101745.4775980003,2.139,weather specialist / weather-heavy,medium,42,30,3,200,160,2,Will the highest temperature in Seoul be 19°C on April 25? | Will the highest temperature in Shenzhen be 19°C on April 24? | Will the highest temperature in Hong Kong be 24°C on April 24? | Will the highest temperature in Seoul be 12°C on April 25? | Will the highest temperature in Seoul be 18°C on April 25? | Will the highest temperature in Seoul be 11°C or below on April 25? | Will the highest temperature in Seoul be 15°C on April 25? | Will the highest temperature in Seoul be 13°C on April 25?,Indian Premier League: Delhi Capitals vs Royal Challengers Bengaluru - Toss Match Double Draw | Indian Premier League: Delhi Capitals vs Royal Challengers Bengaluru - Toss Match Double Delhi Capitals Winner | Will Alexander Volkanovski be ranked first in the UFC Pound-For-Pound Rankings at the end of 2026? | Will JD Vance win the 2028 US Presidential Election? | Will JD Vance win the 2028 US Presidential Election?,https://polymarket.com/profile/0x1838cca016850ac7185a9b149fe7d0bd2d6629b4
23,aboss,0xaaec89fcb2ff14b335ddd738edf355ac07038dc8,,38787.57505776774,1074084.5254280001,3.611,weather specialist / weather-heavy,medium,18,11,1,200,163,15,Will the highest temperature in London be between 64-65°F on June 5? | Will the highest temperature in London between 43-44°F on February 1? | Will the highest temperature in London be between 44-45°F on January 30? | Will the highest temperature in London between 45-46°F on February 1? | Will the highest temperature in London be 68°F or below on July 26? | Will the December 2024 temperature increase be between 1.30-1.34°C? | Will the December 2024 temperature increase be between 1.20-1.24°C? | Will the highest temperature in London be 71°F or higher on May 23?,"Will anyone audibly fart during tariff event on April 2? | Fed decreases interest rates by 25 bps after September 2025 meeting? | Will Trump say ""China"" 7+ times during his AI speech on July 23? | Will Trump say ""Hell"" 2+ times during his AI speech on July 23? | Will Trump say ""Nvidia"" during his AI speech on July 23?",https://polymarket.com/profile/0xaaec89fcb2ff14b335ddd738edf355ac07038dc8
24,9985,0x63a49a02c71d3a63f391878ec310dc81a524b5dc,,37107.724799999996,385980.0,9.614,weather-heavy mixed,low,9,1,3,200,4,64,Russia x Ukraine ceasefire before July? | Russia x Ukraine Ceasefire in March? | Russia x Ukraine ceasefire before July? | Russia x Ukraine Ceasefire in March? | Will the highest temperature in London be between 39-40°F on February 16?,"Fed decreases interest rates by 50+ bps after January 2026 meeting? | Will Ethereum hit $10,000 by December 31? | Will Trump deport 2,000,000 or more people? | Fed decreases interest rates by 50+ bps after January 2026 meeting? | Will Bitcoin reach $1,000,000 by December 31, 2025?",https://polymarket.com/profile/0x63a49a02c71d3a63f391878ec310dc81a524b5dc
25,ANudeEgg,0x62d2bcd198bb6eab8b7eeb9d2061815dc02b9eb7,,36270.19297133056,279088.18722,12.996,weather specialist / weather-heavy,medium,4,0,0,200,29,6,Trump ends Ukraine war in first 90 days? | Trump ends Ukraine war in first 90 days? | Trump ends Ukraine war in first 90 days? | Trump ends Ukraine war in first 90 days? | Trump ends Ukraine war in first 90 days? | Trump ends Ukraine war in first 90 days? | Trump ends Ukraine war before inauguration? | Trump ends Ukraine war before inauguration?,Will Trump issue 40 or more executive orders on Day 1? | US national Bitcoin reserve in 2025? | Will Kamala Harris attend presidential inauguration? | Will Trump issue 40 or more executive orders on Day 1? | Will Trump issue 40 or more executive orders on Day 1?,https://polymarket.com/profile/0x62d2bcd198bb6eab8b7eeb9d2061815dc02b9eb7
26,Shoemaker34,0x8093017f08d8492927eb3b43c8b87aeffe38b208,,33959.87039533079,511111.458832,6.644,weather specialist / weather-heavy,medium,29,15,7,145,87,41,Will the highest temperature in Seoul be 7°C on March 8? | Will the highest temperature in Seoul be 7°C or higher on March 6? | Will the highest temperature in Wellington be 18°C on March 9? | Will the highest temperature in Ankara be 8°C on March 7? | Will the highest temperature in Dallas be between 72-73°F on March 4? | Will the highest temperature in London be 17°C on March 2? | Will the highest temperature in London be 17°C on March 3? | Will the highest temperature in Wellington be 21°C or higher on February 21?,"Will the price of Ethereum be above $2,000 on March 1? | Will the price of Ethereum be between $1,800 and $1,900 on February 14? | Will the price of Ethereum be between $1,900 and $2,000 on February 18? | Will the price of Ethereum be between $2,000 and $2,100 on February 15? | Will the price of Bitcoin be between $66,000 and $68,000 on February 12?",https://polymarket.com/profile/0x8093017f08d8492927eb3b43c8b87aeffe38b208
27,1-800-LIQUIDITY,0x584eee598b341109592b985c1a253ab044fa090f,,33506.37383612122,908899.4738879997,3.686,weather specialist / weather-heavy,medium,0,0,0,200,69,41,Will the highest temperature in Seoul be 11°C on April 10? | Will the highest temperature in Seoul be 17°C or higher on April 10? | Will the highest temperature in Seoul be 15°C on April 10? | Will the highest temperature in Seoul be 16°C on April 10? | Will the highest temperature in Seoul be 10°C on April 10? | Will the highest temperature in Seoul be 10°C on April 10? | Will the highest temperature in Seoul be 10°C on April 10? | Will the highest temperature in Seoul be 10°C on April 10?,"Will Iran strike Iraq by April 30, 2026? | Will Iran strike Iraq by April 30, 2026? | Will Trump acquire Greenland before 2027? | Will Trump acquire Greenland before 2027? | Will Gavin Newsom win the 2028 Democratic presidential nomination?",https://polymarket.com/profile/0x584eee598b341109592b985c1a253ab044fa090f
28,protrade3,0x1c0f3e4c90a48e4dd93d0abcdf719a5a5f1599d0,,32941.93548438363,1406844.7054840003,2.342,weather specialist / weather-heavy,medium,30,28,2,200,175,4,Will the highest temperature in Hong Kong be 24°C on April 25? | Will the highest temperature in Hong Kong be 23°C on April 25? | Will the highest temperature in Madrid be 21°C on April 25? | Will the highest temperature in Singapore be 35°C on April 25? | Will the highest temperature in Seoul be 20°C on April 25? | Will the highest temperature in Wellington be 17°C on April 25? | Will the highest temperature in Busan be 26°C or higher on April 25? | Will the highest temperature in London be 19°C on April 25?,Will JD Vance win the 2028 US Presidential Election? | Will JD Vance win the 2028 US Presidential Election? | Will JD Vance win the 2028 US Presidential Election? | Will JD Vance win the 2028 US Presidential Election? | Will JD Vance win the 2028 US Presidential Election?,https://polymarket.com/profile/0x1c0f3e4c90a48e4dd93d0abcdf719a5a5f1599d0
29,Protrade2,0x4ffba5035905ddfd5e80db2fcbf83a7b4c62119d,,30685.50673582897,1536921.922768,1.997,weather specialist / weather-heavy,medium,7,3,2,200,151,8,Will the highest temperature in Shenzhen be 27°C on April 25? | Will the highest temperature in Shenzhen be 28°C on April 25? | Will the lowest temperature in Paris be 5°C on April 27? | Will the lowest temperature in Paris be 5°C on April 27? | Will the highest temperature in Paris be 19°C on April 22? | Will the highest temperature in New York City be between 56-57°F on April 22? | Will the highest temperature in Istanbul be 10°C on April 22? | Will the highest temperature in Istanbul be 11°C on April 22?,Will JD Vance win the 2028 US Presidential Election? | Will JD Vance win the 2028 US Presidential Election? | Will JD Vance win the 2028 US Presidential Election? | Will JD Vance win the 2028 US Presidential Election? | Will JD Vance win the 2028 US Presidential Election?,https://polymarket.com/profile/0x4ffba5035905ddfd5e80db2fcbf83a7b4c62119d
30,neobrother,0x6297b93ea37ff92a57fd636410f3b71ebf74517e,spydenuevo,30684.458508702905,1713245.9320220002,1.791,weather specialist / weather-heavy,medium,16,16,0,200,200,0,Will the highest temperature in Moscow be 12°C on April 25? | Will the highest temperature in Moscow be 12°C on April 26? | Will the highest temperature in Moscow be 11°C on April 25? | Will the highest temperature in Atlanta be between 80-81°F on April 25? | Will the highest temperature in Moscow be 10°C on April 25? | Will the highest temperature in Hong Kong be 20°C on April 24? | Will the highest temperature in Miami be between 86-87°F on April 25? | Will the highest temperature in Miami be between 88-89°F on April 25?,,https://polymarket.com/profile/0x6297b93ea37ff92a57fd636410f3b71ebf74517e
31,Nowhere-Man,0x45580feac3b916a88b7513929e26f86b3adea2b3,,30410.336522365626,971806.58968,3.129,weather-heavy mixed,low,19,0,4,200,50,63,Will Ukraine agree to cede territory to Russia in 2025? | Will Ukraine agree to cede territory to Russia in 2025? | US recognizes Russian sovereignty over Ukraine? | US recognizes Russian sovereignty over Ukraine? | Will Ukraine agree to cede territory to Russia in 2025? | Will Ukraine agree to cede territory to Russia in 2025? | Will Ukraine agree to cede territory to Russia in 2025? | Will Ukraine agree to cede territory to Russia in 2025?,"Will France, UK, or Germany strike Iran by June 30? | Will UK strike Iran by April 30? | Trump announces end of military operations against Iran by April 30th? | Will Germany strike Iran by April 30? | Trump announces end of military operations against Iran by April 30th?",https://polymarket.com/profile/0x45580feac3b916a88b7513929e26f86b3adea2b3
32,NoonienSoong,0x38cc1d1f95d12039324809d8bb6ca6da6cbef88e,,30261.126102115253,5510291.791523,0.549,weather specialist / weather-heavy,medium,0,0,0,200,191,0,Will the highest temperature in San Francisco be between 60-61°F on April 24? | Will the highest temperature in Miami be between 80-81°F on April 24? | Will the highest temperature in San Francisco be between 60-61°F on April 24? | Will the highest temperature in Miami be between 80-81°F on April 24? | Will the highest temperature in Miami be between 80-81°F on April 24? | Will the highest temperature in New York City be between 60-61°F on April 24? | Will the highest temperature in Shenzhen be 19°C on April 24? | Will the highest temperature in New York City be between 60-61°F on April 24?,,https://polymarket.com/profile/0x38cc1d1f95d12039324809d8bb6ca6da6cbef88e
33,khalidakup,0x97eb7ddf9139a3db0be99e81217e20546e219fbe,,29585.79062527351,1994067.6315390004,1.484,weather specialist / weather-heavy,medium,3,0,3,200,169,2,"Will the highest temperature in London be 16°C on April 6? | Will the highest temperature in London be 16°C on April 6? | Will the highest temperature in Moscow be 14°C or higher on April 4? | Will the highest temperature in Dallas be between 74-75°F on April 4? | Will the highest temperature in Dallas be between 74-75°F on April 4? | Ukraine strikes another tanker in Black Sea by March 31, 2026? | Will the highest temperature in Taipei be 30°C on April 3? | Will the highest temperature in Taipei be 32°C on April 3?",Will Trump talk to Xi Jinping in March? | Will Gavin Newsom win the 2028 Democratic presidential nomination? | Will Gavin Newsom win the 2028 Democratic presidential nomination? | Will Gavin Newsom win the 2028 Democratic presidential nomination? | Will Gavin Newsom win the 2028 Democratic presidential nomination?,https://polymarket.com/profile/0x97eb7ddf9139a3db0be99e81217e20546e219fbe
34,jangsunjuu,0x42fd57f1545f699ed52bb8ae4b4ecb5da63496c0,,27983.63324472399,721140.720532,3.88,weather specialist / weather-heavy,medium,20,10,3,124,84,14,Will the highest temperature in Munich be 7°C on March 27? | Will the highest temperature in Shanghai be 20°C on March 29? | Will the highest temperature in New York City be between 50-51°F on March 25? | Will the highest temperature in Paris be 18°C or below on April 10? | Will the highest temperature in Wuhan be 24°C or higher on April 8? | Will the highest temperature in Guangzhou be 28°C on April 23? | Will the highest temperature in Seoul be 12°C on February 21? | Will the highest temperature in Hong Kong be 24°C on April 2?,"Will Ethereum reach $2,100 February 16-22? | Will Trump’s approval rating be between 41.0 and 41.4 on February 20, 2026? | Will the price of Bitcoin be above $68,000 on February 14? | Will Trump say ""Paid a big price"" or ""Paying a big price"" this week? (March 29) | Will Trump say ""Paid a big price"" or ""Paying a big price"" this week? (March 29)",https://polymarket.com/profile/0x42fd57f1545f699ed52bb8ae4b4ecb5da63496c0
35,0xf2e346ab,0x8278252ebbf354eca8ce316e680a0eaf02859464,Jean85775283550,26382.945108361,1137004.3502759999,2.32,weather specialist / weather-heavy,medium,10,10,0,200,199,0,Will the highest temperature in London be 17°C on February 22? | Will the highest temperature in London be 16°C on February 22? | Will the highest temperature in London be 14°C on February 22? | Will the highest temperature in London be 18°C or higher on February 22? | Will the highest temperature in Hong Kong be 23°C on April 24? | Will the highest temperature in Hong Kong be 24°C on April 24? | Will the highest temperature in London be 19°C on April 25? | Will the highest temperature in London be 15°C on February 22?,,https://polymarket.com/profile/0x8278252ebbf354eca8ce316e680a0eaf02859464
36,jfm-20,0xcd9d30094d5c30be701c6ce633013c0a5e8206b0,,24938.416065068584,637999.0759040001,3.909,weather specialist / weather-heavy,medium,100,31,58,200,136,9,Will the highest temperature in New York City be between 36-37°F on March 6? | Will the highest temperature in London be 12°C on February 27? | Will the highest temperature in Paris be 20°C on March 6? | Will the highest temperature in London be 19°C on March 5? | Will the highest temperature in New York City be 31°F or below on March 1? | Will the highest temperature in New York City be between 38-39°F on March 6? | Will the highest temperature in Paris be 19°C on March 6? | Will the highest temperature in New York City be between 32-33°F on March 1?,Will Ali Motahari be the next Supreme Leader of Iran? | Will Mustafa Hijri be the next Supreme Leader of Iran? | Will Maryam Rajavi be the next Supreme Leader of Iran? | US x Iran ceasefire by March 6? | Will the position of Supreme Leader of Iran be abolished?,https://polymarket.com/profile/0xcd9d30094d5c30be701c6ce633013c0a5e8206b0
37,Lavincey,0x1cdd071bb612de6d66d0c882b676c663697de595,,24566.424020835617,1693658.551339,1.45,weather specialist / weather-heavy,medium,100,50,5,200,11,28,Will the highest temperature in New York City be between 58-59°F on April 18? | Will the highest temperature in New York City be between 78-79°F on April 17? | Will the highest temperature in London be 19°C on April 17? | Will the highest temperature in New York City be 77°F or below on April 17? | Will the highest temperature in Shanghai be 21°C on April 19? | Will the highest temperature in Seoul be 18°C or higher on April 17? | Will the highest temperature in Tokyo be 23°C or higher on April 18? | Will the highest temperature in Beijing be 23°C on April 17?,"Will John Fetterman win the 2028 Democratic presidential nomination? | UFC Fight Night: Kyler Phillips vs. Charles Jourdain (Bantamweight, Main Card) | Bitcoin Up or Down - March 6, 11:45PM-12:00AM ET | Will Donald Trump post 120-139 Truth Social posts from April 10 to April 17, 2026? | US x Iran diplomatic meeting by April 21, 2026?",https://polymarket.com/profile/0x1cdd071bb612de6d66d0c882b676c663697de595
38,387411007415611814092217897387,0xa49b6ea0a604c581f2a9569db42c192b1c487054,,24496.862975796616,2223005.1895599994,1.102,weather specialist / weather-heavy,medium,100,2,2,200,87,13,Will global temperature increase by between 1.10ºC and 1.14ºC in February 2026? | Will global temperature increase by between 1.05ºC and 1.09ºC in February 2026? | Will the highest temperature in Shanghai be 25°C on April 26? | Will the highest temperature in Warsaw be 12°C on April 26? | Will the highest temperature in Warsaw be 12°C on April 26? | Will the highest temperature in Warsaw be 10°C on April 26? | Will the highest temperature in Madrid be 27°C on April 26? | Will the highest temperature in Beijing be 25°C on April 26?,"Will JD Vance win the 2028 US Presidential Election? | Will JD Vance win the 2028 US Presidential Election? | Will Donald Trump post 180-199 Truth Social posts from April 21 to April 28, 2026? | Will Donald Trump post 100-119 Truth Social posts from April 21 to April 28, 2026? | Will Donald Trump post 100-119 Truth Social posts from April 21 to April 28, 2026?",https://polymarket.com/profile/0xa49b6ea0a604c581f2a9569db42c192b1c487054
39,HondaCivic2,0x08cf0b0fec3d42d9920bb0dfbc49fde635088cbc,,24433.789649618913,1520888.9557740001,1.607,weather specialist / weather-heavy,medium,1,0,0,200,147,0,Will the highest temperature in Ankara be 9°C on February 6? | Will the highest temperature in Ankara be 9°C on February 6? | Will the highest temperature in Ankara be 9°C on February 6? | Will the highest temperature in Ankara be 9°C on February 6? | Will the highest temperature in Ankara be 9°C on February 6? | Will the highest temperature in Ankara be 9°C on February 6? | Will the highest temperature in Ankara be 9°C on February 6? | Will the highest temperature in Ankara be 9°C on February 6?,,https://polymarket.com/profile/0x08cf0b0fec3d42d9920bb0dfbc49fde635088cbc
40,0x77266604E63f5cAF08D19CaEBae0C563ce64aEE,0x77266604e63f5caf08d19caebae0c563ce064aee,,24257.35587491318,230245.164866,10.535,weather specialist / weather-heavy,medium,31,28,3,200,200,0,Will the highest temperature in New York City be between 56-57°F on April 18? | Will the highest temperature in New York City be between 54-55°F on April 18? | Will the highest temperature in Seoul be 21°C on April 19? | Will the highest temperature in Seoul be 17°C on April 19? | Will the highest temperature in Seoul be 18°C on April 19? | Will the highest temperature in Seoul be 19°C on April 25? | Will the highest temperature in Seoul be 18°C on April 25? | Will the highest temperature in Seoul be 20°C on April 19?,US obtains Iranian enriched uranium by May 31? | Will Kevin Warsh be confirmed as Fed Chair? | Will Reza Pahlavi enter Iran by December 31?,https://polymarket.com/profile/0x77266604e63f5caf08d19caebae0c563ce064aee
41,dpnd,0x5f211a24da4c005d9438a1ea269673b85ed0b376,dpnd_poly,23900.844114933152,8165518.406514001,0.293,weather specialist / weather-heavy,medium,100,95,0,200,200,0,Will the highest temperature in Mexico City be 18°C on April 27? | Will the highest temperature in Mexico City be 19°C on April 27? | Will the highest temperature in Mexico City be 20°C on April 27? | Will the highest temperature in Houston be between 76-77°F on April 25? | Will the highest temperature in Mexico City be 21°C on April 27? | Will the highest temperature in Mexico City be 22°C on April 27? | Will the highest temperature in Wuhan be 29°C on April 25? | Will the highest temperature in Austin be between 76-77°F on April 27?,,https://polymarket.com/profile/0x5f211a24da4c005d9438a1ea269673b85ed0b376
42,Railbird,0x906f2454a777600aea6c506247566decef82371a,,23469.623957460855,797544.2504289999,2.943,weather specialist / weather-heavy,medium,100,100,0,200,199,0,Will the highest temperature in Seoul be 12°C on April 11? | Will the highest temperature in London be 20°C on April 25? | Will the highest temperature in Wellington be 16°C on April 19? | Will the highest temperature in London be 19°C on April 25? | Will the highest temperature in Paris be 22°C on April 18? | Will the highest temperature in Houston be between 70-71°F on April 19? | Will the highest temperature in Shanghai be 21°C on April 19? | Will the highest temperature in Beijing be 27°C on April 18?,,https://polymarket.com/profile/0x906f2454a777600aea6c506247566decef82371a
43,Hoaqin,0xf1faf3f6ad1e0264d6cbecc1a416e7c536be047d,,23284.683483491073,421149.9385820001,5.529,weather specialist / weather-heavy,medium,9,8,0,200,199,1,Will the highest temperature in Lagos be 26°C or below on April 25? | Will the lowest temperature in Seoul be 11°C on April 24? | Will the highest temperature in London be 14°C on April 23? | Will the highest temperature in London be 15°C on April 24? | Will the highest temperature in London be 16°C on April 24? | Will the highest temperature in Lagos be 28°C or below on April 23? | Will the highest temperature in Lagos be 27°C or below on April 24? | Will there be exactly 3 major space weather events this week?,Iran x Israel/US conflict ends by April 7?,https://polymarket.com/profile/0xf1faf3f6ad1e0264d6cbecc1a416e7c536be047d
44,David32534,0x6e9108c47fe74fb241be7760d889315c3c39134e,,22948.209344472678,344769.105133,6.656,weather specialist / weather-heavy,medium,21,10,7,119,69,29,Will the highest temperature in Tokyo be 16°C on March 20? | Will the highest temperature in Seattle be between 52-53°F on March 11? | Will the highest temperature in Wuhan be 24°C or higher on April 8? | Will the highest temperature in Shanghai be 14°C on March 24? | Will the highest temperature in Tokyo be 14°C on March 14? | Will the highest temperature in Buenos Aires be 34°C on March 2? | Will the highest temperature in Dallas be between 72-73°F on February 12? | Will the highest temperature in New York City be between 48-49°F on February 21?,"Will Trump’s approval rating be between 41.0 and 41.4 on February 20, 2026? | Will the price of Ethereum be above $1,900 on March 1? | Will the price of Ethereum be above $1,900 on February 13? | Will the price of Bitcoin be above $68,000 on February 13? | Will the price of Bitcoin be above $66,000 on February 16?",https://polymarket.com/profile/0x6e9108c47fe74fb241be7760d889315c3c39134e
45,Junhoo2,0x34eccd57d85a42273ea46d8699a2666ac600b7cf,,21991.52988853,340842.165866,6.452,weather specialist / weather-heavy,medium,16,11,2,163,127,11,Will the highest temperature in Atlanta be between 74-75°F on March 20? | Will the highest temperature in Shanghai be 14°C on March 20? | Will the highest temperature in Atlanta be between 68-69°F on February 21? | Will the highest temperature in Dallas be between 68-69°F on February 14? | Will the highest temperature in Shanghai be 15°C on March 13? | Will the highest temperature in Hong Kong be 29°C on April 22? | Will the highest temperature in Wuhan be 24°C or higher on April 8? | Will the highest temperature in Paris be 10°C on February 16?,"Will the price of Ethereum be above $2,000 on February 15? | Will the price of Ethereum be above $2,000 on February 13? | Will the price of Bitcoin be between $58,000 and $60,000 on March 3? | Will the price of Bitcoin be between $58,000 and $60,000 on March 3? | Will the price of Bitcoin be between $64,000 and $66,000 on March 1?",https://polymarket.com/profile/0x34eccd57d85a42273ea46d8699a2666ac600b7cf
46,Cucurella,0xde324a83c0fc3051a67dd60be948f7e73210700c,,21890.77393879499,379174.63822100003,5.773,weather specialist / weather-heavy,medium,20,7,5,200,115,47,Will the highest temperature in London be between 54-55°F on November 14? | Will the highest temperature in New York City be 68°F or below on September 22? | Will the highest temperature in New York City be between 69-70°F on September 22? | Will the highest temperature in New York City be between 72-73°F on September 25? | Will the highest temperature in New York City be between 85-86°F on September 26? | Will the highest temperature in New York City be between 77-78°F on September 27? | Will the highest temperature in New York City be between 77-78°F on September 24? | Will the highest temperature in London be between 54-55°F on November 14?,"Bitcoin Up or Down - September 19, 3PM ET | Bitcoin Up or Down - September 18, 12PM ET | Bitcoin Up or Down - September 20, 6AM ET | Bitcoin Up or Down - September 20, 1AM ET | Bitcoin Up or Down - September 20, 7AM ET",https://polymarket.com/profile/0xde324a83c0fc3051a67dd60be948f7e73210700c
47,Brokie,0x1e1f17412069c0736adfaadf8ee7f46e5612c855,BrokieTrades,21714.864391747473,275796.24994699995,7.874,profitable in weather but currently/recently generalist,low,100,1,69,200,0,151,"Russia x Ukraine ceasefire by April 30, 2026?",Will Nikki Haley win the 2028 Republican presidential nomination? | Will Eric Trump win the 2028 Republican presidential nomination? | Will Joe Kent win the 2028 Republican presidential nomination? | Will Pete Hegseth win the 2028 Republican presidential nomination? | Will Thomas Massie win the 2028 Republican presidential nomination?,https://polymarket.com/profile/0x1e1f17412069c0736adfaadf8ee7f46e5612c855
48,meropi,0x9977760c6bd6f824cac834d1a36ee99478d63020,,21620.394094479147,6506709.590689001,0.332,weather specialist / weather-heavy,medium,7,6,0,200,178,0,Will the highest temperature in Tokyo be 19°C on April 25? | Will the highest temperature in London be 16°C on April 25? | Will the highest temperature in London be 17°C on April 25? | Will the highest temperature in Tokyo be 18°C on April 25? | Will the lowest temperature in London be 5°C on April 25? | Will the highest temperature in Madrid be 21°C on April 25? | Will the highest temperature in Tokyo be 19°C on April 25? | Will the highest temperature in Tokyo be 18°C on April 25?,,https://polymarket.com/profile/0x9977760c6bd6f824cac834d1a36ee99478d63020
49,DarbySkees,0x81f4293bb164d2ed8efe05509d17788ddeeffee2,DSkees72848,21458.901292,42915.0,50.003,weather-heavy mixed,low,0,0,0,135,13,55,Will the highest temperature in Seattle be between 44-45°F on December 29? | Will the highest temperature in Seattle be between 44-45°F on December 29? | Will the highest temperature in Seattle be between 44-45°F on December 29? | Will the highest temperature in Dallas be 80°F or higher on December 28? | Will the highest temperature in Dallas be 80°F or higher on December 28? | Will the highest temperature in Toronto be -4°C on December 27? | Will the highest temperature in Toronto be -4°C on December 27? | Will the highest temperature in London be 7°C on December 26?,"Will Powell say ""Inflation"" 50+ times during October press conference? | Will Powell say ""Inflation"" 50+ times during October press conference? | Will the Memphis Grizzlies win the 2026 NBA Finals? | Will the Memphis Grizzlies win the 2026 NBA Finals? | Will the Memphis Grizzlies win the 2026 NBA Finals?",https://polymarket.com/profile/0x81f4293bb164d2ed8efe05509d17788ddeeffee2
50,MrFox,0x53501b3d13852aabc77db40b536e625a1098cbc2,,21382.09003523533,113878.071457,18.776,weather specialist / weather-heavy,medium,0,0,0,200,180,11,Will the highest temperature in NYC be between 59-60°F on March 16? | Will the highest temperature in NYC be between 57-58°F on March 16? | Will the highest temperature in NYC be between 61-62°F on March 16? | Will the highest temperature in NYC be 72°F or higher on March 31? | Will the highest temperature in NYC be 83°F or higher on May 2? | Will the highest temperature in NYC be 79°F or higher on May 3? | Will the highest temperature in NYC be 79°F or higher on May 3? | Will the highest temperature in NYC be 79°F or higher on May 3?,Will Norman Powell win the 2025 NBA 3-Point Contest? | Will Cade Cunningham win the 2025 NBA 3-Point Contest? | Will Mac McClung win the 2025 NBA Slam Dunk Contest? | Will Mac McClung win the 2025 NBA Slam Dunk Contest? | Will Cade Cunningham win the 2025 NBA 3-Point Contest?,https://polymarket.com/profile/0x53501b3d13852aabc77db40b536e625a1098cbc2
51,0x43cb4Ae1f4dDC9E671486C79c9F40A6fd98B84Df-1761656284271,0x43cb4ae1f4ddc9e671486c79c9f40a6fd98b84df,,20793.2596615914,1869513.7476559996,1.112,weather specialist / weather-heavy,medium,100,0,2,200,164,4,Will the highest temperature in Karachi be 36°C or higher on April 25? | Will the highest temperature in Karachi be 36°C or higher on April 25? | Will the highest temperature in Karachi be 36°C or higher on April 25? | Will the highest temperature in Karachi be 36°C or higher on April 25? | Will the highest temperature in Karachi be 36°C or higher on April 25? | Will the highest temperature in Karachi be 35°C on April 25? | Will the highest temperature in Karachi be 36°C or higher on April 25? | Will the highest temperature in Karachi be 36°C or higher on April 25?,Will Gavin Newsom win the 2028 Democratic presidential nomination? | Will Gavin Newsom win the 2028 Democratic presidential nomination? | Will Gavin Newsom win the 2028 Democratic presidential nomination? | Will Gavin Newsom win the 2028 Democratic presidential nomination? | Will Gavin Newsom win the 2028 Democratic presidential nomination?,https://polymarket.com/profile/0x43cb4ae1f4ddc9e671486c79c9f40a6fd98b84df
52,speeda,0x46745788e678a6f8ceebcd8bc7e37462b74703ca,,20527.755871889658,971739.714579,2.112,weather specialist / weather-heavy,medium,4,4,0,200,193,0,Will the highest temperature in Shenzhen be 30°C on March 27? | Will the highest temperature in Shenzhen be 27°C on March 29? | Will the highest temperature in Taipei be 30°C or higher on April 6? | Will the highest temperature in Seoul be 16°C on March 29? | Will the highest temperature in Hong Kong be 26°C on April 5? | Will the highest temperature in Hong Kong be 23°C on April 5? | Will the highest temperature in Taipei be 23°C on April 7? | Will the highest temperature in Hong Kong be 28°C on April 7?,,https://polymarket.com/profile/0x46745788e678a6f8ceebcd8bc7e37462b74703ca
53,InsiderrrZ,0x69e7ad68b5f11e97927e4bd938baf7dfb60bd3b0,,20527.26230453528,102163.29632200001,20.093,not enough public recent data to classify,low,100,0,40,200,0,120,,Will Keiko Fujimori win the 2026 Peruvian presidential election? | Will Trump nominate Scott Bessent as the next Fed chair? | Will annual inflation increase by 2.9% in November? | US x Iran ceasefire by April 7? | Will James Talarico win the Texas Democratic Senate Primary by between 10% and 15.00%?,https://polymarket.com/profile/0x69e7ad68b5f11e97927e4bd938baf7dfb60bd3b0
54,1pixel,0xbdcd1a99e6880b8146f61323dcb799bb5b243e9c,,20471.525270375336,761303.599343,2.689,weather specialist / weather-heavy,medium,10,10,0,200,198,2,Will the highest temperature in New York City be between 34-35°F on February 3? | Will the highest temperature in Ankara be 5°C or below on February 9? | Will the highest temperature in New York City be between 32-33°F on February 3? | Will the highest temperature in New York City be between 30-31°F on February 3? | Will the highest temperature in Wellington be 19°C or higher on February 4? | Will the highest temperature in Wellington be 17°C on February 4? | Will the highest temperature in Wellington be 16°C on February 4? | Will the highest temperature in London be 9°C on February 15?,Will Coinbase run an Ad during Super Bowl LX? | Will Coinbase run an Ad during Super Bowl LX?,https://polymarket.com/profile/0xbdcd1a99e6880b8146f61323dcb799bb5b243e9c
55,wegotit2green,0xb1f8aa72eeee3316b39716d2d0ae3fdc13aa2734,,20397.599047535947,452677.92846200004,4.506,weather specialist / weather-heavy,medium,0,0,0,200,196,1,Will the highest temperature in Lagos be 26°C or below on April 25? | Will the highest temperature in Lagos be 35°C on April 22? | Will the highest temperature in Lagos be 36°C on April 22? | Will the highest temperature in Lagos be 31°C on April 23? | Will the highest temperature in Lagos be 30°C on April 22? | Will the highest temperature in Lagos be 27°C or below on April 24? | Will the highest temperature in Lagos be 33°C on April 21? | Will the highest temperature in Lagos be 34°C on April 22?,Will Gavin Newsom win the 2028 Democratic presidential nomination?,https://polymarket.com/profile/0xb1f8aa72eeee3316b39716d2d0ae3fdc13aa2734
56,syacxxa,0x2b2866a724e73bf45af306036f12f20170b4d021,,19511.694608781912,475869.552529,4.1,weather specialist / weather-heavy,medium,100,100,0,200,199,0,Will the highest temperature in Buenos Aires be 30°C or below on January 30? | Will the highest temperature in London be 14°C on March 19? | Will the highest temperature in London be 25°C or higher on April 9? | Will the highest temperature in London be 11°C on April 20? | Will the highest temperature in London be 24°C on April 9? | Will the highest temperature in New York City be 64°F or higher on March 16? | Will the highest temperature in London be 16°C on March 18? | Will the highest temperature in Paris be 15°C on March 6?,,https://polymarket.com/profile/0x2b2866a724e73bf45af306036f12f20170b4d021
57,soyeon2235,0x8195b9ebc8e45b37529c5470830d0c96441d145c,,19298.771393300765,322958.86002799997,5.976,weather specialist / weather-heavy,medium,18,10,3,120,66,21,Will the highest temperature in Shenzhen be 27°C on March 22? | Will the highest temperature in New York City be 51°F or below on March 23? | Will the highest temperature in Seattle be between 46-47°F on February 15? | Will the highest temperature in London be 13°C on February 23? | Will the highest temperature in Seattle be 52°F or higher on February 12? | Will the highest temperature in Dallas be between 74-75°F on February 12? | Will the highest temperature in Madrid be 22°C on March 25? | Will the highest temperature in Chongqing be 23°C on April 22?,"Ethereum Up or Down on February 14? | Will the price of Ethereum be above $1,900 on February 13? | Will Jorge Nieto win the 2026 Peruvian presidential election? | Will Jorge Nieto win the 2026 Peruvian presidential election? | Will Bitcoin reach $77,000 on March 10?",https://polymarket.com/profile/0x8195b9ebc8e45b37529c5470830d0c96441d145c
58,pandatown,0xf33f0dfe73e3d1b3d0453e2a02c5d19100d3085c,MosesJerezSchac,19145.30972896472,1504733.0089460001,1.272,weather-heavy mixed,low,100,2,4,200,3,9,Hurricanes vs. Jets | Hurricanes vs. Panthers | Oilers vs. Hurricanes | Spread: Hurricanes (-1.5) | Georgia Tech Yellow Jackets vs. Miami Hurricanes,"UFC Fight Night: Joselyne Edwards vs. Nora Cornolle (Women's Bantamweight, Prelims) | Bitcoin Up or Down - November 8, 9:30PM-9:45PM ET | Will Bitcoin reach $115,000 in November? | UFC 325: Mullarkey vs. Salkilld (Lightweight, Prelims) | UFC Fight Night: Dustin Jacoby vs. Julius Walker (Light Heavyweight, Main Card)",https://polymarket.com/profile/0xf33f0dfe73e3d1b3d0453e2a02c5d19100d3085c
59,xX25Xx,0x2a353ce9e57a51e65814d2fe7cdd4ad3f20741ce,,18841.229346842196,93610.222111,20.127,weather specialist / weather-heavy,medium,100,81,0,200,114,41,Will the highest temperature in Seattle be between 42-43°F on March 5? | Will the highest temperature in Seattle be between 44-45°F on March 5? | Will the highest temperature in Seattle be between 40-41°F on March 5? | Will the highest temperature in Seattle be 39°F or below on March 5? | Will the highest temperature in Seoul be -1°C or below on March 6? | Will the highest temperature in Seoul be 0°C on March 6? | Will the highest temperature in Buenos Aires be 41°C or higher on March 4? | Will the highest temperature in Buenos Aires be 37°C on March 4?,Will Ron DeSantis win the 2028 US Presidential Election? | Will Glenn Youngkin win the 2028 US Presidential Election? | Will Andy Beshear win the 2028 US Presidential Election? | Will JB Pritzker win the 2028 US Presidential Election? | Will Thomas Massie win the 2028 US Presidential Election?,https://polymarket.com/profile/0x2a353ce9e57a51e65814d2fe7cdd4ad3f20741ce
60,Varyag,0xd75d96a23515172778d3281f53c9180b985100c8,,18806.550770304355,672619.823365,2.796,weather specialist / weather-heavy,medium,3,1,1,200,187,5,Will the highest temperature in New York City be between 50-51°F on April 25? | Will the highest temperature in New York City be between 50-51°F on April 25? | Will the highest temperature in New York City be between 64-65°F on April 24? | Will the highest temperature in New York City be between 64-65°F on April 24? | Will the highest temperature in New York City be between 64-65°F on April 24? | Will the highest temperature in New York City be between 64-65°F on April 24? | Will the highest temperature in New York City be between 64-65°F on April 24? | Will the highest temperature in New York City be between 64-65°F on April 24?,US obtains Iranian enriched uranium by May 31? | US obtains Iranian enriched uranium by May 31? | US obtains Iranian enriched uranium by May 31? | US obtains Iranian enriched uranium by May 31? | US obtains Iranian enriched uranium by May 31?,https://polymarket.com/profile/0xd75d96a23515172778d3281f53c9180b985100c8
61,opopv,0x116db6298abcdefe06f9f5458c293c7de185fbf1,,18409.90310754529,1287679.9533850001,1.43,weather specialist / weather-heavy,medium,35,35,0,200,200,0,Will the highest temperature in Hong Kong be 26°C on April 25? | Will the highest temperature in Taipei be 21°C on April 25? | Will the highest temperature in Shanghai be 21°C on April 25? | Will the highest temperature in Seoul be 20°C on April 15? | Will the highest temperature in Shanghai be 22°C on April 25? | Will the highest temperature in Wuhan be 26°C on April 25? | Will the highest temperature in Shenzhen be 27°C on April 25? | Will the highest temperature in Hong Kong be 25°C on April 25?,,https://polymarket.com/profile/0x116db6298abcdefe06f9f5458c293c7de185fbf1
62,oVyg7f,0x5f390e4b7d6f06d6756a6c92afdbf7b3176aa78c,,18379.991602257356,5697984.909916,0.323,not enough public recent data to classify,low,100,0,81,200,0,141,,Will James Talarico and Wesley Hunt be the candidates for the Texas Senate Election? | Will Jasmine Crockett and Wesley Hunt be the candidates for the Texas Senate Election? | Will Yegor Shilov be drafted 1st overall in the 2026 NHL Draft? | Will Nikita Klepov be drafted 1st overall in the 2026 NHL Draft? | Will Adam Goljer be drafted 1st overall in the 2026 NHL Draft?,https://polymarket.com/profile/0x5f390e4b7d6f06d6756a6c92afdbf7b3176aa78c
63,PunxsutawneyPhil,0x8e22f7e80a03a36c80a7fe545369f008fc1e3061,_Yagami_L1ght,17814.466471417574,518865.3844749999,3.433,weather specialist / weather-heavy,medium,27,27,0,200,195,0,Will the highest temperature in New York City be between 72-73°F on April 13? | Will the highest temperature in New York City be between 88-89°F on April 14? | Will the highest temperature in Chicago be 74°F or higher on April 13? | Will the highest temperature in New York City be 90°F or higher on April 14? | Will the highest temperature in New York City be 59°F or below on April 11? | Will the highest temperature in New York City be 45°F or below on April 20? | Will the highest temperature in New York City be between 74-75°F on April 13? | Will the highest temperature in Chicago be between 72-73°F on April 13?,,https://polymarket.com/profile/0x8e22f7e80a03a36c80a7fe545369f008fc1e3061
64,AB2,0xafb8523f97af6a310d9c03d4290a81c09c3bd9c1,,17779.74569400693,591007.238573,3.008,profitable in weather but currently/recently generalist,low,10,1,2,200,0,5,Will Trump release a new Russia x Ukraine peace plan by November 30?,Will JB Pritzker win the 2028 US Presidential Election? | US national Bitcoin reserve in 2025? | Will Gavin Newsom win the 2028 Democratic presidential nomination? | Will Gavin Newsom win the 2028 Democratic presidential nomination? | Will Gavin Newsom win the 2028 Democratic presidential nomination?,https://polymarket.com/profile/0xafb8523f97af6a310d9c03d4290a81c09c3bd9c1
65,lesse,0xe9990c7248599d5c7ca5a4301f09da384d9a6f77,,17181.325777610862,116754.37337800002,14.716,not enough public recent data to classify,low,0,0,0,200,0,19,,Will Donald Trump win the 2024 US Presidential Election? | Will Donald Trump win the 2024 US Presidential Election? | Will Donald Trump win the 2024 US Presidential Election? | Will Donald Trump win the 2024 US Presidential Election? | Will Donald Trump win the 2024 US Presidential Election?,https://polymarket.com/profile/0xe9990c7248599d5c7ca5a4301f09da384d9a6f77
66,fhantombets,0x6356fb47642a028bc09df92023c35a21a0b41885,,17149.67195675649,167538.34531100004,10.236,weather-heavy mixed,low,0,0,0,200,24,157,Meissner effect confirmed near room temperature? | Meissner effect confirmed near room temperature? | Meissner effect confirmed near room temperature? | Meissner effect confirmed near room temperature? | Meissner effect confirmed near room temperature? | Meissner effect confirmed near room temperature? | Meissner effect confirmed near room temperature? | Meissner effect confirmed near room temperature?,Will Lamar Jackson win NFL MVP for the 2024-25 season? | Will Josh Allen win NFL MVP for the 2024-25 season? | Will another player win NFL MVP for the 2024-2025 season? | Will Alperen Sengun lead the NBA in Rebounds? | Will Alperen Sengun lead the NBA in Rebounds?,https://polymarket.com/profile/0x6356fb47642a028bc09df92023c35a21a0b41885
67,BrightSpringFox,0xa1782a357ec27ad78ef58394953184fa52522112,,17072.9761794576,733183.3916450001,2.329,weather specialist / weather-heavy,medium,5,3,2,200,185,8,Will the highest temperature in Lagos be 30°C on April 24? | Will the highest temperature in Tel Aviv be 28°C on April 25? | Will the lowest temperature in London be 5°C on April 25? | Will the highest temperature in Tel Aviv be 28°C on April 25? | Will the lowest temperature in Paris be 6°C on April 25? | Will the lowest temperature in London be 6°C on April 25? | Will the highest temperature in Lagos be 35°C on April 24? | Will the highest temperature in Manila be 34°C on April 25?,Will Trump visit China by April 30? | Will Trump visit China by May 31? | Will David Bailey be the third pick in the 2026 NFL draft? | Will David Bailey be the third pick in the 2026 NFL draft? | Will David Bailey be the third pick in the 2026 NFL draft?,https://polymarket.com/profile/0xa1782a357ec27ad78ef58394953184fa52522112
68,0x4e25605fd905e9972efc0f4d8814530c655cd7a7,0x4e25605fd905e9972efc0f4d8814530c655cd7a7,,17072.48070248078,293095.35868599993,5.825,weather-heavy mixed,low,100,2,81,200,9,133,"Russia x Ukraine ceasefire by April 30, 2026? | Russia x Ukraine ceasefire by June 30, 2026? | Zelenskyy out as Ukraine president by end of 2026? | Russia x Ukraine ceasefire by May 31, 2026? | Russia x Ukraine ceasefire by May 31, 2026? | Russia x Ukraine ceasefire by May 31, 2026? | Russia x Ukraine ceasefire by end of 2026? | Russia x Ukraine ceasefire by end of 2026?",Will JD Vance win the 2028 US Presidential Election? | Will Roy Cooper win the 2028 Democratic presidential nomination? | Will JD Vance win the 2028 US Presidential Election? | Will Kamala Harris win the California Governor Election in 2026? | Will Josh Shapiro win the 2028 US Presidential Election?,https://polymarket.com/profile/0x4e25605fd905e9972efc0f4d8814530c655cd7a7
69,WordleAddict,0xe25b9180f5687aa85bd94ee309bb72a464320f1b,,16265.418323964557,562376.11479,2.892,not enough public recent data to classify,low,17,0,6,200,0,99,,"Will JD Vance win the 2028 US Presidential Election? | Will JD Vance win the 2028 US Presidential Election? | US obtains Iranian enriched uranium by May 31? | US x Iran permanent peace deal by May 31, 2026? | Trump announces end of military operations against Iran by April 30th?",https://polymarket.com/profile/0xe25b9180f5687aa85bd94ee309bb72a464320f1b
70,Miojinho,0x64dbeb0a10678b1ff708320b19654c5d40a98c8e,,16142.148947518126,61630.867724,26.192,not enough public recent data to classify,low,16,0,3,200,0,10,,"Will Luiz Inácio Lula da Silva win the 2026 Brazilian presidential election? | Will Oscar Piastri be the 2026 F1 Drivers' Champion? | Will voter turnout be 77–80% in the 2026 Hungarian parliamentary election? | Will Donald Trump publicly insult someone on April 20, 2026? | Will Donald Trump publicly insult someone on April 20, 2026?",https://polymarket.com/profile/0x64dbeb0a10678b1ff708320b19654c5d40a98c8e
71,Ooookey,0xb06a0eae498750ed0acac7e1f759f741c56e52f5,,16049.08675233555,1363281.8853960002,1.177,weather specialist / weather-heavy,medium,100,51,2,200,160,0,Will the highest temperature in Seoul be 18°C or higher on April 17? | Will the highest temperature in Dallas be 74°F or higher on April 12? | Will the highest temperature in Dallas be between 70-71°F on April 12? | Will the highest temperature in Buenos Aires be 26°C or higher on April 23? | Will the highest temperature in Buenos Aires be 24°C on April 23? | Will the highest temperature in Hong Kong be 29°C on April 21? | Will the highest temperature in Hong Kong be 31°C or higher on April 21? | Will the highest temperature in Hong Kong be 30°C on April 21?,Will Gavin Newsom win the 2028 Democratic presidential nomination? | Will Gavin Newsom win the 2028 Democratic presidential nomination?,https://polymarket.com/profile/0xb06a0eae498750ed0acac7e1f759f741c56e52f5
72,securebet,0xaa7a74b8c754e8aacc1ac2dedb699af0a3224d23,germain_marcano,15985.480459449043,397949.9556430001,4.017,weather specialist / weather-heavy,medium,22,22,0,200,196,0,Will the highest temperature in Seoul be 19°C on April 25? | Will the highest temperature in Atlanta be between 86-87°F on April 24? | Will the highest temperature in Atlanta be between 80-81°F on April 24? | Will the highest temperature in Atlanta be between 84-85°F on April 24? | Will the highest temperature in New York City be 66°F or higher on April 24? | Will the highest temperature in Atlanta be between 82-83°F on April 24? | Will the lowest temperature in New York City be between 40-41°F on April 25? | Will the highest temperature in Seoul be 18°C on April 25?,,https://polymarket.com/profile/0xaa7a74b8c754e8aacc1ac2dedb699af0a3224d23
73,0xhana,0xa37d1d1a3367c6ebc692e37c29bccb8bb015b2b4,,15798.984479422355,321617.192466,4.912,weather specialist / weather-heavy,medium,100,100,0,200,197,0,Will the highest temperature in Miami be between 82-83°F on March 6? | Will the highest temperature in New York City be between 34-35°F on February 23? | Will the highest temperature in New York City be between 40-41°F on February 15? | Will the highest temperature in New York City be between 46-47°F on February 21? | Will the highest temperature in Miami be between 78-79°F on February 15? | Will the highest temperature in New York City be between 38-39°F on March 1? | Will the highest temperature in Miami be between 84-85°F on March 12? | Will the highest temperature in New York City be between 52-53°F on March 20?,,https://polymarket.com/profile/0xa37d1d1a3367c6ebc692e37c29bccb8bb015b2b4
74,PX5300,0xd6eef76188c7068719ac881460b7431e1ae137a2,,15701.471876774915,2276751.149356,0.69,weather-heavy mixed,low,100,23,24,200,5,58,Will the highest temperature in Shanghai be 15°C on March 20? | Will the highest temperature in Ankara be 9°C or higher on March 7? | Will the highest temperature in Chongqing be 13°C on March 20? | Will the highest temperature in Seoul be 13°C on March 20? | Will the highest temperature in Madrid be 17°C on March 18? | Will the highest temperature in Hong Kong be 24°C on March 18? | Will the highest temperature in Atlanta be between 50-51°F on March 17? | Will the highest temperature in Shanghai be 15°C on March 18?,"Will Iran strike Israel on March 4? | Will Bitcoin reach $71,000 on March 20? | Will Ethereum reach $2,300 on March 20? | Will Trump say ""AI"" or ""Artificial Intelligence"" during events with Japanese PM? | Will Ethereum reach $2,200 on March 20?",https://polymarket.com/profile/0xd6eef76188c7068719ac881460b7431e1ae137a2
75,cyberkurajber,0xf6f79fb0b579918f101bb6d0a264a492ce9de0da,,15370.503025706515,603901.5725479999,2.545,weather specialist / weather-heavy,medium,78,77,0,200,199,0,Will the highest temperature in Manila be 40°C or higher on April 25? | Will the highest temperature in Tokyo be 16°C on April 25? | Will the highest temperature in Manila be 39°C on April 25? | Will the highest temperature in Wuhan be 29°C on April 25? | Will the highest temperature in Amsterdam be 18°C on April 24? | Will the highest temperature in Chicago be 76°F or higher on April 24? | Will the highest temperature in Amsterdam be 18°C on April 25? | Will the highest temperature in Sao Paulo be 31°C on April 25?,,https://polymarket.com/profile/0xf6f79fb0b579918f101bb6d0a264a492ce9de0da
76,erb80,0x7d4901f61086eae4513c3d51ea24084703776638,,15042.443867170508,31172.453767,48.256,weather-heavy mixed,low,17,3,6,26,4,8,Will the highest temperature in Atlanta be between 52-53°F on December 17? | Will 1700 to 1749 tornadoes occur in the United States in 2025? | Will the highest temperature in Atlanta be between 54-55°F on December 17? | Will the highest temperature in Atlanta be between 54-55°F on December 17? | Will the highest temperature in Atlanta be between 52-53°F on December 17? | Will the highest temperature in Atlanta be between 52-53°F on December 17? | Will 1700 to 1749 tornadoes occur in the United States in 2025?,"Will Trump deport 1,250,000-1,500,000 people? | Will Trump deport 1,750,000-2,000,000 people? | Will Trump deport 1,500,000-1,750,000 people? | Will João Bernardo Vieira win the 2025 Guinea-Bissau presidential election? | Will Mário da Silva Júnior win the 2025 Guinea-Bissau presidential election?",https://polymarket.com/profile/0x7d4901f61086eae4513c3d51ea24084703776638
77,sakula1,0xff786965fa48e17dfaf320276fc42fac334ddf44,,15019.87122236705,539752.545627,2.783,weather specialist / weather-heavy,medium,0,0,0,200,200,0,Will the highest temperature in Tokyo be 21°C on March 29? | Will the highest temperature in Singapore be 32°C on March 29? | Will the highest temperature in Singapore be 31°C on March 29? | Will the highest temperature in Tokyo be 18°C on March 29? | Will the highest temperature in Tokyo be 19°C on March 29? | Will the highest temperature in Singapore be 32°C on March 29? | Will the highest temperature in Singapore be 32°C on March 29? | Will the highest temperature in Singapore be 31°C on March 29?,,https://polymarket.com/profile/0xff786965fa48e17dfaf320276fc42fac334ddf44
78,mjf02,0x5ea284bb13db26c76529a944e6bf9497c8c5e97f,,14775.840288679005,698335.841266,2.116,weather specialist / weather-heavy,medium,100,99,0,200,198,0,Will the highest temperature in Paris be 6°C or below on March 29? | Will the highest temperature in Munich be 2°C or below on March 29? | Will the highest temperature in London be 6°C or below on March 29? | Will the highest temperature in Seoul be 7°C on March 26? | Will the highest temperature in London be 16°C on March 9? | Will the highest temperature in London be 16°C on March 18? | Will the highest temperature in Seoul be 6°C or below on March 27? | Will the highest temperature in London be 17°C on March 9?,,https://polymarket.com/profile/0x5ea284bb13db26c76529a944e6bf9497c8c5e97f
79,GbushiCshuo,0xfbb7fc19f80b26152fc5886b5eafa7d437f26f27,,14236.182968749541,3997602.4183269995,0.356,weather specialist / weather-heavy,medium,100,93,1,200,197,2,Will the highest temperature in Atlanta be 41°F or below on February 25? | Will the highest temperature in Atlanta be between 42-43°F on February 25? | Will the highest temperature in London be 12°C or below on February 25? | Will the highest temperature in Wellington be 13°C or below on March 1? | Will the highest temperature in Wellington be 13°C on March 9? | Will the highest temperature in Wellington be 12°C or below on March 4? | Will the highest temperature in Wellington be 12°C on March 9? | Will the highest temperature in Wellington be 17°C on March 11?,"Bitcoin Up or Down - March 2, 3:45AM-4:00AM ET | Bitcoin Up or Down - April 20, 9:50PM-9:55PM ET | Bitcoin Up or Down - April 20, 10:15PM-10:20PM ET",https://polymarket.com/profile/0xfbb7fc19f80b26152fc5886b5eafa7d437f26f27
80,TheySeemeBuyingTheyHatin,0x900e2ba4b715e8e5088899948355d74c796ff6bf,,13734.204210595735,336264.774072,4.084,weather specialist / weather-heavy,medium,0,0,0,200,199,0,Will the highest temperature in Tokyo be 17°C on April 25? | Will the highest temperature in Tokyo be 17°C on April 25? | Will the highest temperature in Tokyo be 17°C on April 25? | Will the highest temperature in Tokyo be 17°C on April 25? | Will the highest temperature in Tokyo be 17°C on April 25? | Will the highest temperature in Tokyo be 17°C on April 25? | Will the highest temperature in Tokyo be 17°C on April 25? | Will the highest temperature in Panama City be 32°C or higher on April 26?,,https://polymarket.com/profile/0x900e2ba4b715e8e5088899948355d74c796ff6bf
81,ocelot-204,0xf1d77c5785eee537d4665db8b0378026c9760808,,13662.707199,83819.69609400001,16.3,weather-heavy mixed,low,0,0,0,200,19,124,September temperature increase by between 1.17-1.22°C? | September temperature increase by between 1.17-1.22°C? | August temperature increase by between 1.25-1.29°C? | August temperature increase greater than 1.29°C? | August temperature increase greater than 1.29°C? | August temperature increase by between 1.25-1.29°C? | August temperature increase greater than 1.29°C? | August temperature increase by between 1.25-1.29°C?,Will Kamala Harris win the 2024 US Presidential Election? | Will Kamala Harris win the 2024 US Presidential Election? | Will Kamala Harris win the 2024 US Presidential Election? | Will Kamala Harris win the 2024 US Presidential Election? | Will Kamala Harris win the 2024 US Presidential Election?,https://polymarket.com/profile/0xf1d77c5785eee537d4665db8b0378026c9760808
82,mkuu,0x5b0cf4ac002d771110689ebab5176a899a513b83,,13556.265316428937,62874.985635,21.561,weather specialist / weather-heavy,medium,4,4,0,200,180,17,Will the highest temperature in Dallas be between 50-51°F on March 28? | Will the highest temperature in Munich be 5°C or below on March 28? | Will the highest temperature in Dallas be between 58-59°F on April 10? | Will the highest temperature in Ankara be 18°C or higher on March 28? | Will the highest temperature in Dallas be between 58-59°F on April 10? | Will the highest temperature in Ankara be 18°C or higher on March 28? | Will the highest temperature in Ankara be 18°C or higher on March 28? | Will the highest temperature in Ankara be 18°C or higher on March 28?,"Bitcoin Up or Down - November 23, 5:45AM-6:00AM ET | Bitcoin Up or Down - January 8, 7:45AM-8:00AM ET | Bitcoin Up or Down - November 13, 10:00AM-10:15AM ET | Bitcoin Up or Down - November 4, 1:30PM-1:45PM ET | Bitcoin Up or Down - November 23, 4:45AM-5:00AM ET",https://polymarket.com/profile/0x5b0cf4ac002d771110689ebab5176a899a513b83
83,balerinacapuchina,0xd86d87914387111b47355e87aca7c032dbe5648d,,13244.757835003995,141112.370076,9.386,weather specialist / weather-heavy,medium,2,0,2,200,33,25,Will global temperature increase by between 1.15ºC and 1.19ºC in November 2025? | Will global temperature increase by between 1.25ºC and 1.29ºC in November 2025? | Will global temperature increase by between 1.20ºC and 1.24ºC in November 2025? | Will global temperature increase by between 1.15ºC and 1.19ºC in November 2025? | Will global temperature increase by between 1.20ºC and 1.24ºC in November 2025? | Will global temperature increase by between 1.20ºC and 1.24ºC in November 2025? | Will global temperature increase by between 1.20ºC and 1.24ºC in November 2025? | Will global temperature increase by between 1.20ºC and 1.24ºC in November 2025?,Will Dwayne 'The Rock' Johnson win the 2028 US Presidential Election? | Will Dwayne 'The Rock' Johnson win the 2028 US Presidential Election? | Will Dwayne 'The Rock' Johnson win the 2028 US Presidential Election? | Will Dwayne 'The Rock' Johnson win the 2028 US Presidential Election? | Khamenei out as Supreme Leader of Iran by January 31?,https://polymarket.com/profile/0xd86d87914387111b47355e87aca7c032dbe5648d
84,samhain4ik,0x50936370f48b7c7f87016ae8ec1462d0200a272c,,12943.182794606024,3031522.47828,0.427,weather specialist / weather-heavy,medium,100,22,78,200,200,0,Will global temperature increase by between 0.95–0.99ºC in July 2025? | Will global temperature increase by between 0.90–0.94ºC in July 2025? | Will the highest temperature in London be between 59-60°F on October 30? | Will the highest temperature in London be 71°F or higher on September 14? | Will the highest temperature in London be 70°F or higher on September 10? | Will global temperature increase by between 0.95-0.99ºC in June 2025? | Will global temperature increase by between 1.10ºC and 1.14ºC in January 2026? | Will global temperature increase by less than 1.00ºC in December 2025?,"Will the price of Bitcoin be above $76,000 on March 9? | Will the price of Bitcoin be above $78,000 on February 6? | Will the price of Bitcoin be above $62,000 on March 6? | Will the price of Bitcoin be above $86,000 on January 20? | Will the price of Bitcoin be above $88,000 on January 19?",https://polymarket.com/profile/0x50936370f48b7c7f87016ae8ec1462d0200a272c
85,schnasoks,0xfe44d5325ffcabc8ae96aa41bb1b62d1b1b93b76,,12831.380536084558,100850.30739399997,12.723,weather specialist / weather-heavy,medium,1,0,1,200,188,3,Will the highest temperature in London be between 61-62°F on October 22? | Will the highest temperature in London be between 57-58°F on October 21? | Will the highest temperature in London be between 57-58°F on October 22? | Will the highest temperature in New York City be between 55-56°F on October 26? | Will the highest temperature in New York City be between 55-56°F on October 26? | Will the highest temperature in New York City be between 55-56°F on October 26? | Will the highest temperature in London be between 61-62°F on October 22? | Will the highest temperature in London be between 57-58°F on October 22?,Will Karel Havlíček be the next Prime Minister of the Czech Republic after the elections? | Will Donald Trump win the Nobel Peace Prize in 2025? | Will Donald Trump win Nobel Peace Prize in 2025? | Will Donald Trump win Nobel Peace Prize in 2025?,https://polymarket.com/profile/0xfe44d5325ffcabc8ae96aa41bb1b62d1b1b93b76
86,Weatherstappen,0xb9012e0d9b60d3920286309328b935cdfa609fc4,,12756.007052465115,588481.2074739999,2.168,weather specialist / weather-heavy,medium,0,0,0,200,200,0,Will the highest temperature in Ankara be 17°C on April 25? | Will the highest temperature in Ankara be 17°C on April 25? | Will the highest temperature in Ankara be 17°C on April 25? | Will the highest temperature in Ankara be 17°C on April 25? | Will the highest temperature in Ankara be 17°C on April 25? | Will the highest temperature in Ankara be 17°C on April 25? | Will the highest temperature in Ankara be 17°C on April 25? | Will the highest temperature in Moscow be 9°C on April 25?,,https://polymarket.com/profile/0xb9012e0d9b60d3920286309328b935cdfa609fc4
87,🍝👹,0xf9b6943d8cce124603a8c7ef8a02191a487761ce,,12507.87549692,360678.56846899993,3.468,weather-heavy mixed,low,0,0,0,200,8,153,Russia x Ukraine ceasefire in 2025? | Will Trump pardon Edward Snowden in his first 100 days? | Will Trump pardon Edward Snowden in his first 100 days? | Will Trump pardon Edward Snowden in his first 100 days? | Will Trump pardon Edward Snowden in his first 100 days? | Will Trump pardon Edward Snowden in his first 100 days? | Will Trump pardon Edward Snowden in his first 100 days? | Will Trump pardon Edward Snowden in his first 100 days?,Will Trump pardon Matt Gaetz in his first 100 days? | Will Trump pardon SBF in his first 100 days? | Will Trump create Bitcoin reserve in first 100 days? | Will Trump create Bitcoin reserve in first 100 days? | Will Trump create Bitcoin reserve in first 100 days?,https://polymarket.com/profile/0xf9b6943d8cce124603a8c7ef8a02191a487761ce
88,Mrage,0x6f46821c6f3f395725e59009c19f1183d6181bba,,12492.134029196,153402.50696199996,8.143,weather-heavy mixed,low,5,0,4,200,77,114,Will the highest temperature in New York City be between 62-63°F on April 18? | Will the highest temperature in New York City be between 62-63°F on April 18? | Will the highest temperature in New York City be 77°F or below on April 17? | Will the highest temperature in New York City be 77°F or below on April 17? | Will the highest temperature in New York City be 77°F or below on April 17? | Will the highest temperature in New York City be 77°F or below on April 17? | Will the highest temperature in New York City be 77°F or below on April 17? | Will the highest temperature in New York City be 77°F or below on April 17?,"Will Trump’s approval rating be between 39.0 and 39.4 on April 24, 2026? | Will Trump’s approval rating be between 38.5 and 38.9 on April 24, 2026? | Will Trump’s approval rating be less than 38.5 on April 24, 2026? | Will Donald Trump announce that the United States blockade of the Strait of Hormuz has been lifted by April 30, 2026? | Will Trump’s approval rating be between 39.5 and 39.9 on April 24, 2026?",https://polymarket.com/profile/0x6f46821c6f3f395725e59009c19f1183d6181bba
89,aliciamed79,0xad7b6b87daf99c08900763cc4f7842ee695680c9,,12478.299733642456,191555.842151,6.514,weather specialist / weather-heavy,medium,26,26,0,200,200,0,Will the highest temperature in New York City be between 45-46°F on November 23? | Will the highest temperature in London be 54°F or higher on December 5? | Will the highest temperature in New York City be between 43-44°F on November 30? | Will the highest temperature in London be between 39-40°F on November 21? | Will the highest temperature in London be between 54-55°F on December 8? | Will the highest temperature in New York City be between 31-32°F on December 9? | Will the highest temperature in New York City be 44°F or below on November 23? | Will the highest temperature in London be between 52-53°F on December 5?,,https://polymarket.com/profile/0xad7b6b87daf99c08900763cc4f7842ee695680c9
90,0xac8db3b4afea21b73ffdc92fjk,0xa67209aaa09ba891adb7d291310e49914472f083,,12349.0551451,48612.644824999996,25.403,not enough public recent data to classify,low,9,0,4,200,0,70,,Khamenei out as Supreme Leader of Iran by February 28? | Will Drake Maye win the 2025–26 NFL MVP award? | Will Matthew Stafford win the 2025–26 NFL MVP award? | Will the Republican Party control the House after the 2026 Midterm elections? | Will Trump nominate Kevin Warsh as the next Fed chair?,https://polymarket.com/profile/0xa67209aaa09ba891adb7d291310e49914472f083
91,0xf787b8A3a4c6,0xf787b8a3a4c6990f48614a0b9af8422e3e7a1b63,,12129.0445950917,377886.342127,3.21,weather specialist / weather-heavy,medium,3,1,1,200,187,8,Will the highest temperature in New York City be between 50-51°F on April 25? | Will the highest temperature in New York City be between 50-51°F on April 25? | Will the highest temperature in New York City be between 50-51°F on April 25? | Will the highest temperature in New York City be between 50-51°F on April 25? | Will the highest temperature in New York City be between 52-53°F on April 25? | Will the highest temperature in New York City be between 50-51°F on April 25? | Will the highest temperature in New York City be between 50-51°F on April 25? | Will the highest temperature in New York City be between 50-51°F on April 25?,"Will Manchester City win the 2025–26 English Premier League? | Bitcoin Up or Down - April 19, 10:20PM-10:25PM ET | Bitcoin Up or Down - April 19, 10:20PM-10:25PM ET | Bitcoin Up or Down - April 19, 10:20PM-10:25PM ET | Will Manchester City win the 2025–26 English Premier League?",https://polymarket.com/profile/0xf787b8a3a4c6990f48614a0b9af8422e3e7a1b63
92,0xCd75d28B219C3BFFC79540a7B03B8E48Bdc9d07E-1770575163011,0xcd75d28b219c3bffc79540a7b03b8e48bdc9d07e,,12029.964573923613,218545.21254600002,5.505,weather specialist / weather-heavy,medium,0,0,0,200,200,0,Will the highest temperature in Toronto be 11°C on April 24? | Will the highest temperature in Toronto be 11°C on April 24? | Will the highest temperature in Toronto be 12°C on April 24? | Will the highest temperature in Toronto be 12°C on April 24? | Will the highest temperature in Toronto be 12°C on April 24? | Will the highest temperature in Toronto be 12°C on April 24? | Will the highest temperature in Toronto be 12°C on April 24? | Will the highest temperature in Toronto be 12°C on April 24?,,https://polymarket.com/profile/0xcd75d28b219c3bffc79540a7b03b8e48bdc9d07e
93,dchoi2852,0xfef7a7e4b2e474d5d39ea15beaba01bacf5f3e02,,12027.555736463482,431672.36021599994,2.786,weather specialist / weather-heavy,medium,29,20,3,200,168,11,Will the highest temperature in Wuhan be 21°C or below on April 15? | Will the highest temperature in Dallas be between 82-83°F on April 1? | Will the highest temperature in Miami be between 76-77°F on March 10? | Will the highest temperature in Seoul be 12°C on March 17? | Will the highest temperature in London be 6°C on February 18? | Will the highest temperature in Atlanta be between 68-69°F on March 15? | Will the highest temperature in Seoul be 10°C on March 14? | Will the highest temperature in Hong Kong be 27°C on April 5?,"Will the price of Ethereum be above $2,000 on February 14? | Will the price of Ethereum be above $1,900 on February 12? | Will Trump say ""Transgender"" this week? (February 15) | Will Bitcoin reach $77,000 on March 10? | Will Bitcoin reach $77,000 on March 10?",https://polymarket.com/profile/0xfef7a7e4b2e474d5d39ea15beaba01bacf5f3e02
94,VibeTrader,0xcbbc5e035504421b084ad9248b660f6e9618b5d0,,11836.52960080784,7059456.204914,0.168,weather specialist / weather-heavy,medium,100,22,0,200,200,0,Will the highest temperature in New York City be 56°F or higher on November 15? | Will the highest temperature in New York City be 60°F or higher on November 25? | Will the highest temperature in New York City be 47°F or higher on December 1? | Will the highest temperature in New York City be 37°F or higher on December 5? | Will the highest temperature in New York City be between 74-75°F on September 25? | Will the highest temperature in New York City be between 44-45°F on January 6? | Will the highest temperature in New York City be 53°F or higher on November 30? | Will the highest temperature in Hong Kong be 29°C on April 19?,,https://polymarket.com/profile/0xcbbc5e035504421b084ad9248b660f6e9618b5d0
95,Dr.ChristmasJones,0xb1dce46d7d5987c743d5378c503ed81e71937283,,11817.168085390795,133269.20127299998,8.867,not enough public recent data to classify,low,2,0,2,200,0,80,,Will a Democrat win Pennsylvania US Senate Election? | 2024 Balance of Power: R Prez R Senate R House | Will a Democrat win Pennsylvania US Senate Election? | Will a Democrat win Pennsylvania US Senate Election? | Will a Democrat win Pennsylvania US Senate Election?,https://polymarket.com/profile/0xb1dce46d7d5987c743d5378c503ed81e71937283
96,PnW,0x20e6e192cc7d036e25136bb535e10aad89af95c4,,11810.739790639458,73534.235678,16.062,weather specialist / weather-heavy,medium,18,2,8,186,72,14,Russia x Ukraine ceasefire by August 31? | Will the highest temperature in Hong Kong be 23°C or higher on March 13? | Will the highest temperature in Hong Kong be 23°C or higher on March 13? | Will the highest temperature in Hong Kong be 23°C or higher on March 13? | Will the highest temperature in Hong Kong be 23°C or higher on March 13? | Will the highest temperature in Hong Kong be 23°C or higher on March 13? | Will the highest temperature in Hong Kong be 23°C or higher on March 13? | Will the highest temperature in Hong Kong be 23°C or higher on March 13?,"Will there be no change in Fed interest rates after the March 2026 meeting? | Fed decreases interest rates by 25 bps after December 2025 meeting? | Israel strikes Iran by January 31, 2026? | No change in Fed interest rates after January 2025 meeting? | Will US gov sell Bitcoin before Trump inauguration?",https://polymarket.com/profile/0x20e6e192cc7d036e25136bb535e10aad89af95c4
97,Bubbleblow,0xa877b2046f0a489b450f3aebbe3911730524f204,,11790.361343368751,161034.68600699998,7.322,weather specialist / weather-heavy,medium,0,0,0,200,200,0,Will the highest temperature in London be 9°C on March 7? | Will the highest temperature in London be 9°C on March 7? | Will the highest temperature in London be 9°C on March 7? | Will the highest temperature in London be 9°C on March 7? | Will the highest temperature in London be 9°C on March 7? | Will the highest temperature in London be 9°C on March 7? | Will the highest temperature in London be 9°C on March 7? | Will the highest temperature in London be 9°C on March 7?,,https://polymarket.com/profile/0xa877b2046f0a489b450f3aebbe3911730524f204
98,jajaajaajaajaa,0x4a5e58f6ad61a6d984dd1a87a92773b14f0a2a5c,,11662.184469708774,134356.154135,8.68,weather-heavy mixed,low,26,5,9,200,26,61,Will the highest temperature in London be 50°F or higher on November 30? | Will the highest temperature in New York City be between 35-36°F on December 12? | Will the highest temperature in New York City be between 37-38°F on December 12? | Will the highest temperature in New York City be between 41-42°F on November 28? | Will the highest temperature in New York City be between 39-40°F on December 4? | Will the highest temperature in New York City be 49°F or higher on November 27? | Will the highest temperature in New York City be 41°F or higher on December 12? | Will the highest temperature in New York City be 37°F or higher on December 8?,"Bitcoin Up or Down - April 8, 5:50AM-5:55AM ET | Bitcoin Up or Down - April 10, 9:25AM-9:30AM ET | Bitcoin Up or Down - November 3, 12AM ET | Bitcoin Up or Down - April 9, 3:05PM-3:10PM ET | Bitcoin Up or Down - April 7, 9:05PM-9:10PM ET",https://polymarket.com/profile/0x4a5e58f6ad61a6d984dd1a87a92773b14f0a2a5c
99,JHRUE,0x0691dfc4a112bee8cedf07df5ed65c3795c22814,,11610.37632217,54631.697691,21.252,weather specialist / weather-heavy,medium,3,0,0,144,37,12,Will a cat 5 hurricane make US landfall during Hurricane Season 2025? | Will a cat 5 hurricane make US landfall during Hurricane Season 2025? | Will a cat 5 hurricane make US landfall during Hurricane Season 2025? | Will a hurricane form by August 31? | Cat 3+ hurricane hits Miami in 2025? | Cat 3+ hurricane hits Miami in 2025? | Will a hurricane form by August 31? | Will a hurricane form by August 31?,Will Trump and Putin not meet? | Will Donald Trump win Nobel Peace Prize in 2025? | Will Donald Trump win Nobel Peace Prize in 2025? | Will Trump and Putin not meet? | Will Donald Trump win Nobel Peace Prize in 2025?,https://polymarket.com/profile/0x0691dfc4a112bee8cedf07df5ed65c3795c22814
100,0x4CE3f17Be91C3d0D6dbFed7Bd4D326957dec4291-1768045938794,0x4ce3f17be91c3d0d6dbfed7bd4d326957dec4291,,11588.776781533803,523888.7164770001,2.212,weather specialist / weather-heavy,medium,100,98,0,200,200,0,Will the highest temperature in Shenzhen be 26°C on March 26? | Will the highest temperature in Wellington be 20°C on March 18? | Will the highest temperature in Shenzhen be 22°C on March 28? | Will the highest temperature in Tel Aviv be 19°C on March 13? | Will the highest temperature in Tel Aviv be 21°C on March 13? | Will the highest temperature in Wellington be 18°C on March 23? | Will the highest temperature in Ankara be 10°C on March 10? | Will the highest temperature in Busan be 23°C on April 12?,,https://polymarket.com/profile/0x4ce3f17be91c3d0d6dbfed7bd4d326957dec4291
